日期,店铺名称,支付金额（元）,支付买家数,支付订单数,品牌数,类目数,推广总花费,现金花费,虚拟金花费,红包花费,推广费率_原始,ROI,推广费率,客单价,笔单价,买家转订单率,周几,日期序号
2026-05-01,maggi美极旗舰店,9304.61,291,306,1,1,639.74,638.22,0,1.52,0.069,14.544361771969863,0.06875516545024456,31.974604810996567,30.407222222222224,1.0515463917525774,周五,1
2026-05-01,太太乐TOTOLE调味旗舰店,20021.74,877,898,1,2,6634.87,6573.75,0,61.12,0.331,3.0176536993189016,0.33138328636771824,22.82980615735462,22.295924276169266,1.023945267958951,周五,1
2026-05-01,太太乐健康轻食旗舰店,19082.83,464,481,1,1,2303.09,2303.09,0,0.0,0.121,8.285750882510019,0.1206891221061027,41.12678879310345,39.67324324324325,1.0366379310344827,周五,1
2026-05-01,太太乐和山云谷专卖店,9091.58,150,151,1,1,1143.08,1079.26,0,63.82,0.126,7.953581551597439,0.1257295211613383,60.610533333333336,60.209139072847684,1.0066666666666666,周五,1
2026-05-01,太太乐嘉乐恒专卖店,13544.2,164,165,1,1,604.13,538.63,0,65.5,0.045,22.419346829324816,0.044604332481800325,82.58658536585367,82.08606060606061,1.0060975609756098,周五,1
2026-05-01,太太乐官方旗舰店,14677.96,389,391,1,1,1951.21,1951.21,0,0.0,0.133,7.522491172144464,0.13293468574652065,37.732544987146525,37.53953964194373,1.0051413881748072,周五,1
2026-05-01,太太乐小宅调味品专卖店,4815.11,82,83,1,1,273.79,273.79,0,0.0,0.057,17.58687315095511,0.05686059093146367,58.72085365853658,58.0133734939759,1.0121951219512195,周五,1
2026-05-01,太太乐旗舰店,19695.48,731,757,1,1,2855.87,2802.79,0,53.08,0.145,6.896490386467171,0.1450012896359977,26.943201094391245,26.0178071334214,1.0355677154582763,周五,1
2026-05-01,太太乐景源专卖店,32489.57,625,633,1,1,3019.25,3019.25,0,0.0,0.09300000000000001,10.760808147718805,0.09292982332483933,51.983312,51.32633491311216,1.0128,周五,1
2026-05-01,太太乐调味专卖店,15442.01,141,142,1,1,516.27,516.27,0,0.0,0.033,29.910725008232127,0.03343282383575713,109.51780141843972,108.74654929577466,1.0070921985815602,周五,1
2026-05-01,太太乐调味品专卖店,26029.67,113,118,1,1,1003.13,917.73,0,85.4,0.039,25.948451347283,0.038537945352361366,230.35106194690263,220.59042372881353,1.0442477876106195,周五,1
2026-05-01,太太乐调味品官方旗舰店,1643.01,38,38,1,1,172.3,172.3,0,0.0,0.105,9.535751596053395,0.10486850353923592,43.23710526315789,43.23710526315789,1.0,周五,1
2026-05-01,太太乐调味品旗舰店,7908.82,253,257,1,1,569.76,569.76,0,0.0,0.07200000000000001,13.880967424880652,0.0720410883039442,31.2601581027668,30.7736186770428,1.0158102766798418,周五,1
2026-05-01,太太乐调味料专卖店,10788.82,39,39,1,1,609.94,553.42,0,56.52,0.057,17.688329999672096,0.05653444955055326,276.6364102564103,276.6364102564103,1.0,周五,1
2026-05-01,太太乐调味旗舰店,10963.26,179,179,1,1,1005.04,989.01,0,16.03,0.092,10.908282257422591,0.09167346209065551,61.2472625698324,61.2472625698324,1.0,周五,1
2026-05-01,太太乐趣食多专卖店,13374.7,274,277,1,1,1726.63,1726.63,0,0.0,0.129,7.746129744067924,0.12909672740323147,48.81277372262774,48.28411552346571,1.010948905109489,周五,1
2026-05-01,太太乐趣食多调味品专卖店,11396.3,165,172,1,1,1121.38,1111.26,0,10.12,0.098,10.162745902370292,0.09839860305537763,69.06848484848484,66.25755813953488,1.0424242424242425,周五,1
2026-05-01,太太乐趣食多食品专卖店,11170.73,248,252,1,1,1204.02,1204.02,0,0.0,0.10800000000000001,9.27786083287653,0.10778346625511494,45.043266129032254,44.32829365079365,1.0161290322580645,周五,1
2026-05-01,太太乐食品旗舰店,14600.35,454,459,1,1,1991.06,1991.06,0,0.0,0.136,7.332953301256618,0.13637070344204077,32.159361233480176,31.809041394335512,1.0110132158590308,周五,1
2026-05-01,太太乐餐饮旗舰店,32678.92,167,171,1,1,4262.12,4222.8,0,39.32,0.13,7.667292333392772,0.13042413886383025,195.68215568862274,191.10479532163743,1.0239520958083832,周五,1
2026-05-02,maggi美极旗舰店,10422.86,318,331,1,1,723.62,722.38,0,1.24,0.069,14.403775462259198,0.06942624193359596,32.7762893081761,31.489003021148037,1.0408805031446542,周六,2
2026-05-02,太太乐TOTOLE调味旗舰店,21169.850000000002,985,1026,1,2,7544.69,7506.4,0,38.29,0.35600000000000004,2.80592708249113,0.35638844866638164,21.492233502538074,20.633382066276805,1.0416243654822335,周六,2
2026-05-02,太太乐健康轻食旗舰店,18859.06,529,542,1,1,2245.48,2245.48,0,0.0,0.11900000000000001,8.398676452250744,0.11906637976654191,35.65039697542533,34.79531365313653,1.0245746691871456,周六,2
2026-05-02,太太乐和山云谷专卖店,10751.53,147,149,1,1,1405.26,1335.58,0,69.68,0.131,7.650918691203052,0.13070325804792432,73.13965986394558,72.15791946308725,1.0136054421768708,周六,2
2026-05-02,太太乐嘉乐恒专卖店,8692.73,128,132,1,1,503.94,493.63,0,10.31,0.057999999999999996,17.249533674643807,0.05797258168607561,67.911953125,65.85401515151514,1.03125,周六,2
2026-05-02,太太乐官方旗舰店,18350.17,518,530,1,1,2547.85,2547.85,0,0.0,0.139,7.20221755597857,0.13884612513126582,35.425038610038605,34.62296226415094,1.0231660231660231,周六,2
2026-05-02,太太乐小宅调味品专卖店,4064.27,65,65,1,1,301.18,293.1,0,8.08,0.07400000000000001,13.494488345839697,0.07410432869863469,62.52723076923077,62.52723076923077,1.0,周六,2
2026-05-02,太太乐旗舰店,25877.93,849,882,1,1,3676.33,3642.07,0,34.26,0.142,7.03906613388896,0.1420642995788303,30.480482921083627,29.340056689342404,1.03886925795053,周六,2
2026-05-02,太太乐景源专卖店,30230.81,614,625,1,1,2935.56,2935.56,0,0.0,0.09699999999999999,10.298140729537124,0.09710490721221164,49.235846905537464,48.369296000000006,1.017915309446254,周六,2
2026-05-02,太太乐调味专卖店,17272.67,172,175,1,1,511.3,410.48,0,100.82,0.03,33.78186974379033,0.029601677100297756,100.42249999999999,98.70097142857142,1.0174418604651163,周六,2
2026-05-02,太太乐调味品专卖店,29199.1,117,125,1,1,1095.54,1052.82,0,42.72,0.038,26.652700951129123,0.03751964957824042,249.56495726495726,233.59279999999998,1.0683760683760684,周六,2
2026-05-02,太太乐调味品官方旗舰店,1340.18,35,35,1,1,95.02,95.02,0,0.0,0.071,14.104188591875396,0.07090092375651032,38.29085714285714,38.29085714285714,1.0,周六,2
2026-05-02,太太乐调味品旗舰店,10567.66,229,236,1,1,642.11,630.02,0,12.09,0.061,16.457709738206848,0.06076179589426609,46.146986899563316,44.77822033898305,1.0305676855895196,周六,2
2026-05-02,太太乐调味料专卖店,11603.52,43,44,1,1,686.6,673.24,0,13.36,0.059000000000000004,16.899970870958345,0.05917169962218361,269.8493023255814,263.71636363636367,1.0232558139534884,周六,2
2026-05-02,太太乐调味旗舰店,15343.18,249,254,1,1,1329.16,1329.16,0,0.0,0.087,11.543516205723915,0.08662871712382961,61.619196787148596,60.40622047244094,1.0200803212851406,周六,2
2026-05-02,太太乐趣食多专卖店,11591.14,273,277,1,1,1491.76,1491.76,0,0.0,0.129,7.770110473534617,0.1286982988731048,42.45838827838828,41.845270758122744,1.0146520146520146,周六,2
2026-05-02,太太乐趣食多调味品专卖店,17418.95,224,228,1,1,1419.61,1394.52,0,25.09,0.081,12.270236191630097,0.0814980237040694,77.76316964285715,76.39890350877194,1.0178571428571428,周六,2
2026-05-02,太太乐趣食多食品专卖店,12852.38,280,281,1,1,1378.37,1378.37,0,0.0,0.107,9.324332363588876,0.10724628434577875,45.90135714285714,45.73800711743772,1.0035714285714286,周六,2
2026-05-02,太太乐食品旗舰店,15622.43,508,517,1,1,2187.6,2187.6,0,0.0,0.14,7.141355823733773,0.1400294320409821,30.752814960629923,30.217466150870408,1.0177165354330708,周六,2
2026-05-02,太太乐餐饮旗舰店,27437.37,138,146,1,1,3305.43,3156.86,0,148.57,0.12,8.300696127281473,0.12047182364782047,198.82152173913042,187.92719178082191,1.0579710144927537,周六,2
2026-05-03,maggi美极旗舰店,10461.55,330,336,1,1,725.1,717.83,0,7.27,0.069,14.4277341056406,0.0693109529658607,31.701666666666664,31.135565476190475,1.018181818181818,周日,3
2026-05-03,太太乐TOTOLE调味旗舰店,21996.129999999997,1001,1023,1,2,7684.58,7654.34,0,30.24,0.349,2.862372439352573,0.3493605466052438,21.974155844155842,21.501593352883674,1.021978021978022,周日,3
2026-05-03,太太乐健康轻食旗舰店,17550.28,458,470,1,1,2009.99,2009.99,0,0.0,0.115,8.731526027492674,0.11452751750969216,38.31938864628821,37.34102127659574,1.0262008733624455,周日,3
2026-05-03,太太乐和山云谷专卖店,9406.52,168,169,1,1,1276.26,1238.64,0,37.62,0.136,7.370379076363751,0.13567823169461182,55.99119047619048,55.659881656804735,1.005952380952381,周日,3
2026-05-03,太太乐嘉乐恒专卖店,11196.88,170,175,1,1,494.23,483.87,0,10.36,0.044000000000000004,22.65520101976812,0.044139974707239876,65.86399999999999,63.98217142857143,1.0294117647058822,周日,3
2026-05-03,太太乐官方旗舰店,14878.49,423,432,1,1,1851.1,1851.1,0,0.0,0.124,8.037647885041327,0.12441450711732172,35.17373522458629,34.44094907407408,1.0212765957446808,周日,3
2026-05-03,太太乐小宅调味品专卖店,5254.25,72,73,1,1,299.54,299.54,0,0.0,0.057,17.541062963210255,0.057009087881239,72.97569444444444,71.97602739726027,1.0138888888888888,周日,3
2026-05-03,太太乐旗舰店,22697.5,892,909,1,1,3467.61,3379.89,0,87.72,0.153,6.545574617676151,0.15277497521753497,25.445627802690584,24.96974697469747,1.0190582959641257,周日,3
2026-05-03,太太乐景源专卖店,31377.24,576,580,1,1,2933.22,2933.22,0,0.0,0.09300000000000001,10.697199664532494,0.09348240954271311,54.474375,54.098689655172414,1.0069444444444444,周日,3
2026-05-03,太太乐调味专卖店,17257.62,162,166,1,1,511.91,498.5,0,13.41,0.03,33.71221503779961,0.02966283879237114,106.52851851851851,103.96156626506024,1.0246913580246915,周日,3
2026-05-03,太太乐调味品专卖店,24134.72,113,125,1,1,1150.47,1068.44,0,82.03,0.048,20.9781393691274,0.047668669866482806,213.58159292035398,193.07776,1.1061946902654867,周日,3
2026-05-03,太太乐调味品官方旗舰店,1407.6,37,38,1,1,103.79,103.79,0,0.0,0.07400000000000001,13.56200019269679,0.0737354362034669,38.04324324324324,37.04210526315789,1.027027027027027,周日,3
2026-05-03,太太乐调味品旗舰店,10559.46,217,224,1,1,443.96,430.28,0,13.68,0.042,23.784710334264346,0.042043816634562754,48.661105990783405,47.14044642857142,1.032258064516129,周日,3
2026-05-03,太太乐调味料专卖店,12138.77,52,52,1,1,664.02,664.02,0,0.0,0.055,18.280729496099518,0.054702412188384814,233.43788461538463,233.43788461538463,1.0,周日,3
2026-05-03,太太乐调味旗舰店,12485.28,211,214,1,1,1212.82,1210.64,0,2.18,0.09699999999999999,10.294421266140072,0.09713999205464353,59.17194312796209,58.34242990654206,1.014218009478673,周日,3
2026-05-03,太太乐趣食多专卖店,13561.7,282,285,1,1,1724.88,1724.88,0,0.0,0.127,7.8624020221696584,0.12718759447561884,48.091134751773055,47.58491228070176,1.0106382978723405,周日,3
2026-05-03,太太乐趣食多调味品专卖店,16432.68,226,233,1,1,1443.6,1423.26,0,20.34,0.08800000000000001,11.383125519534499,0.08784933437515974,72.71097345132743,70.52652360515022,1.0309734513274336,周日,3
2026-05-03,太太乐趣食多食品专卖店,14343.42,305,307,1,1,1449.68,1449.68,0,0.0,0.10099999999999999,9.894197340102643,0.10106934050596023,47.02760655737705,46.721237785016285,1.0065573770491802,周日,3
2026-05-03,太太乐食品旗舰店,16503.42,505,509,1,1,2393.69,2361.02,0,32.67,0.145,6.894551926105719,0.14504205794920086,32.680039603960395,32.42322200392927,1.007920792079208,周日,3
2026-05-03,太太乐餐饮旗舰店,29610.55,161,166,1,1,4116.07,4061.89,0,54.18,0.139,7.193888830850788,0.1390068742390803,183.91645962732917,178.37680722891565,1.031055900621118,周日,3
2026-05-04,maggi美极旗舰店,10998.029999999999,344,357,1,2,820.65,807.86,0,12.79,0.075,13.401608481082068,0.07461790884367474,31.97101744186046,30.80680672268907,1.0377906976744187,周一,4
2026-05-04,太太乐TOTOLE调味旗舰店,20353.51,943,968,1,2,7138.23,7019.07,0,119.16,0.35100000000000003,2.8513384970784075,0.3507124815326693,21.58378579003181,21.026353305785122,1.026511134676564,周一,4
2026-05-04,太太乐健康轻食旗舰店,17953.18,412,421,1,1,1911.33,1911.33,0,0.0,0.106,9.393029984356444,0.10646191928115241,43.575679611650486,42.64413301662708,1.0218446601941749,周一,4
2026-05-04,太太乐和山云谷专卖店,10160.85,182,187,1,1,1350.59,1296.4,0,54.19,0.133,7.523267608970895,0.13292096625774416,55.82884615384616,54.33609625668449,1.0274725274725274,周一,4
2026-05-04,太太乐嘉乐恒专卖店,13943.2,173,177,1,1,597.65,594.75,0,2.9,0.043,23.33004266711286,0.04286318779046416,80.59653179190752,78.77514124293786,1.023121387283237,周一,4
2026-05-04,太太乐官方旗舰店,15964.17,455,460,1,1,2128.46,2128.46,0,0.0,0.133,7.500338272741795,0.133327319866927,35.08608791208791,34.70471739130435,1.010989010989011,周一,4
2026-05-04,太太乐小宅调味品专卖店,5046.17,82,82,1,1,310.43,302.65,0,7.78,0.062,16.255419901427054,0.06151794331146196,61.538658536585366,61.538658536585366,1.0,周一,4
2026-05-04,太太乐旗舰店,23545.38,816,827,1,1,3553.83,3486.83,0,67.0,0.151,6.625353491866522,0.1509353427296565,28.854632352941177,28.470834340991537,1.0134803921568627,周一,4
2026-05-04,太太乐景源专卖店,31972.02,617,627,1,1,2985.89,2985.89,0,0.0,0.09300000000000001,10.707701891228412,0.09339072101168458,51.818508914100484,50.99205741626794,1.0162074554294975,周一,4
2026-05-04,太太乐调味专卖店,19489.6,141,146,1,1,510.96,510.96,0,0.0,0.026000000000000002,38.14310317833098,0.026217059354732782,138.2241134751773,133.4904109589041,1.0354609929078014,周一,4
2026-05-04,太太乐调味品专卖店,34455.28,110,118,1,1,1289.06,1244.44,0,44.62,0.037000000000000005,26.72899632290196,0.03741255331548604,313.2298181818182,291.9938983050847,1.0727272727272728,周一,4
2026-05-04,太太乐调味品官方旗舰店,2473.81,53,55,1,1,157.56,147.24,0,10.32,0.064,15.70074892104595,0.06369122931833893,46.67566037735849,44.97836363636363,1.0377358490566038,周一,4
2026-05-04,太太乐调味品旗舰店,11183.91,252,258,1,1,597.48,590.79,0,6.69,0.053,18.718467563767824,0.053423176688653616,44.38059523809524,43.34848837209302,1.0238095238095237,周一,4
2026-05-04,太太乐调味料专卖店,12468.49,57,57,1,1,716.62,669.88,0,46.74,0.057,17.39902598308727,0.057474481673402314,218.74543859649123,218.74543859649123,1.0,周一,4
2026-05-04,太太乐调味旗舰店,14882.36,233,235,1,1,1366.57,1366.57,0,0.0,0.092,10.890301996970518,0.09182481810680564,63.872789699570816,63.329191489361705,1.0085836909871244,周一,4
2026-05-04,太太乐趣食多专卖店,12490.75,293,300,1,1,1567.4,1567.4,0,0.0,0.125,7.969088937093275,0.1254848587955087,42.63054607508533,41.63583333333333,1.023890784982935,周一,4
2026-05-04,太太乐趣食多调味品专卖店,12026.67,192,195,1,1,1278.22,1212.44,0,65.78,0.106,9.40892021717701,0.10628212131870252,62.63890625,61.67523076923077,1.015625,周一,4
2026-05-04,太太乐趣食多食品专卖店,17155.78,313,319,1,1,1438.44,1438.44,0,0.0,0.084,11.926656655821583,0.08384579424543799,54.81079872204472,53.779874608150465,1.0191693290734825,周一,4
2026-05-04,太太乐食品旗舰店,15534.12,467,472,1,1,2071.15,2071.15,0,0.0,0.133,7.500238997658306,0.13332908462146553,33.26364025695931,32.91127118644068,1.0107066381156318,周一,4
2026-05-04,太太乐餐饮旗舰店,27778.43,152,155,1,1,4025.19,4025.19,0,0.0,0.145,6.901147523470942,0.14490343766728359,182.7528289473684,179.21567741935485,1.019736842105263,周一,4
2026-05-05,maggi美极旗舰店,11025.03,341,358,1,1,769.77,767.09,0,2.68,0.07,14.322498928251298,0.06982021817627707,32.33146627565983,30.796173184357542,1.0498533724340176,周二,5
2026-05-05,太太乐TOTOLE调味旗舰店,22801.399999999998,1077,1111,1,2,7961.95,7844.63,0,117.32,0.349,2.863795929389157,0.3491868920329454,21.171216341689878,20.52331233123312,1.0315691736304549,周二,5
2026-05-05,太太乐健康轻食旗舰店,24935.84,906,920,1,1,2736.33,2736.33,0,0.0,0.11,9.112877467264548,0.10973482345090439,27.52300220750552,27.10417391304348,1.0154525386313467,周二,5
2026-05-05,太太乐和山云谷专卖店,13187.33,207,208,1,1,1606.33,1580.03,0,26.3,0.122,8.209602012039868,0.12180858445189435,63.706908212560386,63.400625,1.0048309178743962,周二,5
2026-05-05,太太乐嘉乐恒专卖店,9624.92,116,116,1,1,599.51,595.46,0,4.05,0.062,16.05464462644493,0.06228727095913524,82.97344827586207,82.97344827586207,1.0,周二,5
2026-05-05,太太乐官方旗舰店,16394.44,482,490,1,1,2152.21,2152.21,0,0.0,0.131,7.617490858234094,0.1312768231180815,34.01336099585062,33.45804081632653,1.016597510373444,周二,5
2026-05-05,太太乐小宅调味品专卖店,6216.35,90,92,1,1,369.37,369.37,0,0.0,0.059000000000000004,16.82960175433847,0.0594191125017092,69.07055555555556,67.56902173913043,1.0222222222222221,周二,5
2026-05-05,太太乐旗舰店,30291.46,911,942,1,1,3639.56,3515.73,0,123.83,0.12,8.322835727395619,0.12015135619082078,33.25077936333699,32.15653927813163,1.0340285400658618,周二,5
2026-05-05,太太乐景源专卖店,47676.2,1408,1435,1,1,5533.45,5282.36,0,251.09,0.11599999999999999,8.615999060260778,0.11606315100616241,33.8609375,33.22383275261324,1.0191761363636365,周二,5
2026-05-05,太太乐调味专卖店,14753.38,120,123,1,1,518.1,518.1,0,0.0,0.035,28.475931287396254,0.035117376492708796,122.94483333333332,119.94617886178861,1.025,周二,5
2026-05-05,太太乐调味品专卖店,26792.65,109,117,1,1,1199.98,1121.72,0,78.26,0.045,22.32758045967433,0.04478765631619119,245.80412844036698,228.99700854700856,1.073394495412844,周二,5
2026-05-05,太太乐调味品官方旗舰店,1874.8,42,44,1,1,141.28,141.28,0,0.0,0.075,13.270101925254814,0.07535737145295499,44.63809523809524,42.60909090909091,1.0476190476190477,周二,5
2026-05-05,太太乐调味品旗舰店,7390.66,255,261,1,1,527.05,498.74,0,28.31,0.071,14.02269234417987,0.07131298151991838,28.98298039215686,28.31670498084291,1.0235294117647058,周二,5
2026-05-05,太太乐调味料专卖店,10167.49,58,58,1,1,585.56,585.56,0,0.0,0.057999999999999996,17.36370312179794,0.05759140161436106,175.30155172413794,175.30155172413794,1.0,周二,5
2026-05-05,太太乐调味旗舰店,12111.7,202,205,1,1,1120.42,1111.85,0,8.57,0.09300000000000001,10.809964120597632,0.09250724506056128,59.95891089108911,59.08146341463415,1.0148514851485149,周二,5
2026-05-05,太太乐趣食多专卖店,15282.94,312,316,1,1,1862.73,1862.73,0,0.0,0.122,8.204592184589286,0.12188296230960796,48.983782051282056,48.36373417721519,1.0128205128205128,周二,5
2026-05-05,太太乐趣食多调味品专卖店,17231.89,205,209,1,1,1479.78,1439.42,0,40.36,0.086,11.644899917555312,0.08587450360929648,84.05799999999999,82.44923444976077,1.0195121951219512,周二,5
2026-05-05,太太乐趣食多食品专卖店,19866.72,343,349,1,1,1638.7,1638.7,0,0.0,0.08199999999999999,12.123463721242448,0.08248467789348217,57.92046647230321,56.92469914040115,1.0174927113702623,周二,5
2026-05-05,太太乐食品旗舰店,13175.77,375,379,1,1,1811.63,1803.51,0,8.12,0.13699999999999998,7.272881327864961,0.13749708745674827,35.13538666666667,34.764564643799474,1.0106666666666666,周二,5
2026-05-05,太太乐餐饮旗舰店,30551.74,158,164,1,1,4103.22,3866.23,0,236.99,0.134,7.445796228327996,0.13430397090313023,193.3654430379747,186.29109756097563,1.0379746835443038,周二,5
2026-05-06,maggi美极旗舰店,12007.78,360,379,1,1,850.09,850.09,0,0.0,0.071,14.125304379536285,0.07079493461738973,33.35494444444445,31.68279683377309,1.0527777777777778,周三,6
2026-05-06,太太乐TOTOLE调味旗舰店,22845.039999999997,1149,1189,1,2,7837.14,7789.52,0,47.62,0.34299999999999997,2.914971532982695,0.34305652342915577,19.88254134029591,19.213658536585363,1.0348128807658834,周三,6
2026-05-06,太太乐健康轻食旗舰店,27450.3,873,885,1,1,3146.88,3146.88,0,0.0,0.115,8.723020896888347,0.11463918427121016,31.44364261168385,31.01728813559322,1.013745704467354,周三,6
2026-05-06,太太乐和山云谷专卖店,10835.97,195,198,1,1,1532.1,1515.92,0,16.18,0.141,7.072625807714901,0.1413902031843942,55.56907692307692,54.72712121212121,1.0153846153846153,周三,6
2026-05-06,太太乐嘉乐恒专卖店,12422.69,158,172,1,1,541.65,524.59,0,17.06,0.044000000000000004,22.934902612388075,0.04360166759373372,78.62462025316457,72.22494186046512,1.0886075949367089,周三,6
2026-05-06,太太乐官方旗舰店,15327.63,448,455,1,1,1950.81,1950.81,0,0.0,0.127,7.857059375336399,0.1272740795543734,34.21345982142857,33.6870989010989,1.015625,周三,6
2026-05-06,太太乐小宅调味品专卖店,4693.96,78,81,1,1,280.65,280.65,0,0.0,0.06,16.725316230179942,0.05978960195655693,60.17897435897436,57.950123456790124,1.0384615384615385,周三,6
2026-05-06,太太乐旗舰店,29598.13,1131,1152,1,1,3578.41,3487.56,0,90.85,0.121,8.271307647810062,0.12089986766055828,26.169876215738284,25.692821180555555,1.0185676392572944,周三,6
2026-05-06,太太乐景源专卖店,48393.12,1453,1471,1,1,5686.01,5666.23,0,19.78,0.11699999999999999,8.51091011095654,0.11749624740045692,33.305657260839645,32.89811012916383,1.012388162422574,周三,6
2026-05-06,太太乐调味专卖店,14801.22,122,122,1,1,503.26,503.26,0,0.0,0.034,29.410682351071017,0.034001251248207916,121.32147540983605,121.32147540983605,1.0,周三,6
2026-05-06,太太乐调味品专卖店,33676.29,146,155,1,1,1432.63,1331.91,0,100.72,0.043,23.506620690617954,0.042541206290835486,230.65952054794522,217.2663870967742,1.0616438356164384,周三,6
2026-05-06,太太乐调味品官方旗舰店,1608.4,33,35,1,1,63.51,60.24,0,3.27,0.039,25.32514564635491,0.03948644615767222,48.73939393939394,45.95428571428572,1.0606060606060606,周三,6
2026-05-06,太太乐调味品旗舰店,8150.08,272,276,1,1,660.31,656.42,0,3.89,0.081,12.342808680771153,0.08101883662491656,29.963529411764707,29.52927536231884,1.0147058823529411,周三,6
2026-05-06,太太乐调味料专卖店,15514.35,49,49,1,1,726.72,726.72,0,0.0,0.047,21.34845607661823,0.04684179485444121,316.619387755102,316.619387755102,1.0,周三,6
2026-05-06,太太乐调味旗舰店,13880.95,245,250,1,1,1348.56,1337.77,0,10.79,0.09699999999999999,10.293164560716617,0.09715185199860239,56.656938775510206,55.5238,1.0204081632653061,周三,6
2026-05-06,太太乐趣食多专卖店,13083.22,264,268,1,1,1574.71,1574.71,0,0.0,0.12,8.308336138082566,0.1203610426179488,49.55765151515151,48.81798507462686,1.0151515151515151,周三,6
2026-05-06,太太乐趣食多调味品专卖店,15952.11,221,224,1,1,1377.28,1324.03,0,53.25,0.086,11.582328938197026,0.08633842168841614,72.18149321266968,71.21477678571429,1.0135746606334841,周三,6
2026-05-06,太太乐趣食多食品专卖店,18310.12,339,346,1,1,1644.86,1644.86,0,0.0,0.09,11.131719416850066,0.0898333817582845,54.01215339233038,52.919421965317916,1.0206489675516224,周三,6
2026-05-06,太太乐食品旗舰店,13390.17,523,534,1,1,2228.59,2228.59,0,0.0,0.166,6.008359545721734,0.16643478014095417,25.60261950286807,25.075224719101122,1.0210325047801148,周三,6
2026-05-06,太太乐餐饮旗舰店,26357.51,131,135,1,1,3542.43,3389.1,0,153.33,0.134,7.4405168203747145,0.13439926609152383,201.20236641221373,195.2408148148148,1.0305343511450382,周三,6
2026-05-07,maggi美极旗舰店,18006.44,580,603,1,1,907.79,905.11,0,2.68,0.05,19.835468555502924,0.05041474050395303,31.045586206896548,29.861426202321724,1.039655172413793,周四,7
2026-05-07,太太乐TOTOLE调味旗舰店,23292.51,1209,1229,1,2,8265.26,8204.6,0,60.66,0.355,2.8181218739640372,0.3548462574449899,19.26593052109181,18.95240846216436,1.0165425971877584,周四,7
2026-05-07,太太乐健康轻食旗舰店,15242.59,476,486,1,1,1901.84,1901.84,0,0.0,0.125,8.014654229588189,0.12477144632244257,32.022247899159666,31.363353909465022,1.0210084033613445,周四,7
2026-05-07,太太乐和山云谷专卖店,9651.2,195,197,1,1,1356.15,1338.12,0,18.03,0.141,7.1166168934114955,0.1405162052387268,49.49333333333334,48.99086294416244,1.0102564102564102,周四,7
2026-05-07,太太乐嘉乐恒专卖店,10090.71,149,151,1,1,600.23,600.23,0,0.0,0.059000000000000004,16.811405627842657,0.05948342584416756,67.72288590604026,66.82589403973509,1.0134228187919463,周四,7
2026-05-07,太太乐官方旗舰店,14428.17,443,455,1,1,1899.2,1899.2,0,0.0,0.132,7.596972409435551,0.1316313849919983,32.56923250564334,31.710263736263737,1.0270880361173815,周四,7
2026-05-07,太太乐小宅调味品专卖店,5634.38,79,81,1,1,389.43,389.43,0,0.0,0.069,14.468274144262127,0.06911674398957826,71.32126582278481,69.56024691358024,1.0253164556962024,周四,7
2026-05-07,太太乐旗舰店,24993.01,983,1011,1,1,3361.57,3279.58,0,81.99,0.135,7.434921777621765,0.1345004063136053,25.42523906408952,24.721078140454992,1.0284842319430316,周四,7
2026-05-07,太太乐景源专卖店,49005.04,1518,1539,1,1,5844.9,5798.26,0,46.64,0.11900000000000001,8.384239251313112,0.11927140555338797,32.282635046113306,31.84213125406108,1.0138339920948616,周四,7
2026-05-07,太太乐调味专卖店,13557.42,107,107,1,1,501.73,442.78,0,58.95,0.037000000000000005,27.021346142347475,0.03700777876616643,126.70485981308411,126.70485981308411,1.0,周四,7
2026-05-07,太太乐调味品专卖店,55384.75,136,152,1,1,2602.1,2535.46,0,66.64,0.047,21.284635486722262,0.04698224691814985,407.2408088235294,364.3733552631579,1.1176470588235294,周四,7
2026-05-07,太太乐调味品官方旗舰店,1236.11,40,40,1,1,106.44,106.44,0,0.0,0.086,11.613209319804584,0.08610884144614962,30.902749999999997,30.902749999999997,1.0,周四,7
2026-05-07,太太乐调味品旗舰店,8167.12,268,271,1,1,639.42,614.15,0,25.27,0.078,12.772700259610273,0.07829198052679524,30.474328358208954,30.1369741697417,1.0111940298507462,周四,7
2026-05-07,太太乐调味料专卖店,10936.85,60,60,1,1,666.39,666.39,0,0.0,0.061,16.412086015696516,0.06093070673914335,182.28083333333333,182.28083333333333,1.0,周四,7
2026-05-07,太太乐调味旗舰店,11365.44,186,187,1,1,1041.88,1041.88,0,0.0,0.092,10.908588321111836,0.09167088999633978,61.10451612903226,60.77775401069519,1.0053763440860215,周四,7
2026-05-07,太太乐趣食多专卖店,11547.09,285,290,1,1,1540.41,1337.26,0,203.15,0.133,7.496114670769471,0.13340244165413104,40.5161052631579,39.81755172413793,1.0175438596491229,周四,7
2026-05-07,太太乐趣食多调味品专卖店,20218.99,221,225,1,1,1571.44,1518.25,0,53.19,0.078,12.866536425189636,0.07772099397645481,91.48864253393666,89.86217777777779,1.0180995475113122,周四,7
2026-05-07,太太乐趣食多食品专卖店,15565.56,365,375,1,1,1449.07,1348.25,0,100.82,0.09300000000000001,10.741758507180467,0.09309462685569937,42.6453698630137,41.50816,1.0273972602739727,周四,7
2026-05-07,太太乐食品旗舰店,16256.82,573,578,1,1,2527.75,2519.63,0,8.12,0.155,6.431340124616754,0.15548858878919739,28.371413612565444,28.12598615916955,1.0087260034904013,周四,7
2026-05-07,太太乐餐饮旗舰店,26087.9,145,153,1,1,3704.53,3576.76,0,127.77,0.142,7.04216189368152,0.14200184759984513,179.91655172413795,170.5091503267974,1.0551724137931036,周四,7
2026-05-08,maggi美极旗舰店,23204.92,787,819,1,1,904.85,896.95,0,7.9,0.039,25.645046140244236,0.03899388577939506,29.48528589580686,28.33323565323565,1.0406607369758576,周五,8
2026-05-08,太太乐TOTOLE调味旗舰店,22008.19,1149,1177,1,2,7751.85,7713.6,0,38.25,0.35200000000000004,2.839088733657127,0.352225694162037,19.15421235857267,18.698547153780797,1.0243690165361183,周五,8
2026-05-08,太太乐健康轻食旗舰店,22358.64,628,636,1,1,2340.45,2340.45,0,0.0,0.105,9.55313721720182,0.10467765481263619,35.602929936305735,35.15509433962264,1.0127388535031847,周五,8
2026-05-08,太太乐和山云谷专卖店,12403.66,216,217,1,1,1552.59,1544.79,0,7.8,0.125,7.989011909132482,0.1251719250608288,57.42435185185185,57.159723502304146,1.0046296296296295,周五,8
2026-05-08,太太乐嘉乐恒专卖店,12013.08,191,193,1,1,781.04,778.14,0,2.9,0.065,15.380876779678378,0.06501579944527132,62.895706806282725,62.243937823834194,1.0104712041884816,周五,8
2026-05-08,太太乐官方旗舰店,13661.84,408,416,1,1,1785.21,1680.78,0,104.43,0.131,7.65279154833325,0.1306712712196893,33.48490196078431,32.84096153846154,1.0196078431372548,周五,8
2026-05-08,太太乐小宅调味品专卖店,3905.1,72,73,1,1,218.34,209.36,0,8.98,0.055999999999999994,17.88540807914262,0.055911500345701776,54.2375,53.49452054794521,1.0138888888888888,周五,8
2026-05-08,太太乐旗舰店,26861.82,1011,1033,1,1,3565.39,3475.53,0,89.86,0.133,7.534048168643543,0.13273076805666928,26.56955489614243,26.003697967086158,1.0217606330365974,周五,8
2026-05-08,太太乐景源专卖店,41994.9,1027,1048,1,1,4491.15,4470.36,0,20.79,0.107,9.350589492668917,0.1069451290513848,40.89084712755599,40.07146946564885,1.0204479065238559,周五,8
2026-05-08,太太乐调味专卖店,47667.7,309,335,1,1,514.68,488.86,0,25.82,0.011000000000000001,92.61618869977463,0.01079724845125735,154.26440129449838,142.29164179104475,1.0841423948220066,周五,8
2026-05-08,太太乐调味品专卖店,26325.44,120,129,1,1,1261.7,936.96,0,324.74,0.048,20.86505508440992,0.047927024201684765,219.37866666666665,204.07317829457364,1.075,周五,8
2026-05-08,太太乐调味品官方旗舰店,1222.23,36,38,1,1,69.95,69.95,0,0.0,0.057,17.47290922087205,0.05723145398165648,33.950833333333335,32.163947368421056,1.0555555555555556,周五,8
2026-05-08,太太乐调味品旗舰店,8547.67,284,290,1,1,662.1,655.38,0,6.72,0.077,12.909938075819362,0.07745970539339961,30.09742957746479,29.474724137931034,1.0211267605633803,周五,8
2026-05-08,太太乐调味料专卖店,12776.68,57,60,1,1,706.0,706.0,0,0.0,0.055,18.097280453257792,0.055256921203317294,224.1522807017544,212.94466666666668,1.0526315789473684,周五,8
2026-05-08,太太乐调味旗舰店,9861.95,186,187,1,1,860.74,848.94,0,11.8,0.087,11.457524920417317,0.08727888500752894,53.02123655913979,52.73770053475936,1.0053763440860215,周五,8
2026-05-08,太太乐趣食多专卖店,11017.55,252,253,1,1,1495.67,1474.78,0,20.89,0.136,7.3662973784324075,0.135753411602398,43.720436507936505,43.54762845849802,1.003968253968254,周五,8
2026-05-08,太太乐趣食多调味品专卖店,16020.83,227,231,1,1,1507.2,1464.83,0,42.37,0.094,10.629531581740975,0.09407752282497224,70.5763436123348,69.35424242424243,1.0176211453744493,周五,8
2026-05-08,太太乐趣食多食品专卖店,14085.38,282,284,1,1,1271.08,1243.8,0,27.28,0.09,11.081426818138905,0.09024108685743658,49.94815602836879,49.596408450704224,1.0070921985815602,周五,8
2026-05-08,太太乐食品旗舰店,13160.26,509,518,1,1,2206.8,2206.8,0,0.0,0.168,5.963503715787565,0.1676866566466012,25.855127701375245,25.405907335907337,1.0176817288801572,周五,8
2026-05-08,太太乐餐饮旗舰店,28869.04,153,161,1,1,3986.55,3819.29,0,167.26,0.138,7.241609913333584,0.1380908405683043,188.68653594771243,179.31080745341615,1.0522875816993464,周五,8
2026-05-09,maggi美极旗舰店,19366.62,618,642,1,1,910.88,898.61,0,12.27,0.047,21.261439487089408,0.04703350403942454,31.337572815533978,30.166074766355138,1.0388349514563107,周六,9
2026-05-09,太太乐TOTOLE调味旗舰店,22439.93,1028,1071,1,2,7841.21,7841.21,0,0.0,0.349,2.861794289401763,0.349431125676417,21.828725680933854,20.95231559290383,1.0418287937743191,周六,9
2026-05-09,太太乐健康轻食旗舰店,31556.58,938,962,1,1,2931.53,2931.53,0,0.0,0.09300000000000001,10.764542747302603,0.09289758269115347,33.642409381663114,32.80309771309771,1.0255863539445629,周六,9
2026-05-09,太太乐和山云谷专卖店,12548.36,197,199,1,1,1672.07,1672.07,0,0.0,0.133,7.5046858086084915,0.13325008208243944,63.697258883248736,63.05708542713568,1.0101522842639594,周六,9
2026-05-09,太太乐嘉乐恒专卖店,6579.36,158,160,1,1,693.51,693.51,0,0.0,0.105,9.487044166630618,0.10540690887867514,41.64151898734177,41.120999999999995,1.0126582278481013,周六,9
2026-05-09,太太乐官方旗舰店,10897.53,367,375,1,1,1380.63,1380.63,0,0.0,0.127,7.893157471589057,0.1266920118595682,29.693542234332426,29.060080000000003,1.021798365122616,周六,9
2026-05-09,太太乐小宅调味品专卖店,5318.66,80,81,1,1,284.94,280.45,0,4.49,0.054000000000000006,18.665894574296342,0.05357364448940147,66.48325,65.66246913580247,1.0125,周六,9
2026-05-09,太太乐旗舰店,28385.5,1079,1098,1,1,3461.89,3363.02,0,98.87,0.122,8.199422858611914,0.1219598034207606,26.30722891566265,25.85200364298725,1.0176088971269694,周六,9
2026-05-09,太太乐景源专卖店,37840.86,1003,1030,1,1,4301.23,4283.75,0,17.48,0.114,8.797683453337767,0.11366628559710322,37.72767696909272,36.73869902912622,1.0269192422731805,周六,9
2026-05-09,太太乐调味专卖店,51101.12,327,352,1,1,207.54,207.54,0,0.0,0.004,246.22299315794547,0.004061359124809789,156.2725382262997,145.17363636363638,1.0764525993883791,周六,9
2026-05-09,太太乐调味品专卖店,31573.76,130,144,1,1,1307.94,1204.6,0,103.34,0.040999999999999995,24.14006758719819,0.041424904731017155,242.8750769230769,219.26222222222222,1.1076923076923078,周六,9
2026-05-09,太太乐调味品官方旗舰店,1469.6,32,32,1,1,71.36,66.98,0,4.38,0.049,20.594170403587444,0.04855743059335874,45.925,45.925,1.0,周六,9
2026-05-09,太太乐调味品旗舰店,8877.9,241,244,1,1,647.71,647.71,0,0.0,0.073,13.706597088203052,0.07295756879442211,36.83775933609958,36.38483606557377,1.012448132780083,周六,9
2026-05-09,太太乐调味料专卖店,9392.5,40,41,1,1,523.43,523.43,0,0.0,0.055999999999999994,17.944137707047744,0.05572850678733031,234.8125,229.08536585365854,1.025,周六,9
2026-05-09,太太乐调味旗舰店,13284.77,192,193,1,1,1070.07,1056.89,0,13.18,0.081,12.414860710047007,0.08054862824121155,69.19151041666667,68.83300518134715,1.0052083333333333,周六,9
2026-05-09,太太乐趣食多专卖店,11905.85,243,245,1,1,1457.61,1453.42,0,4.19,0.122,8.168062787714135,0.12242805007622302,48.995267489711935,48.59530612244898,1.008230452674897,周六,9
2026-05-09,太太乐趣食多调味品专卖店,20002.85,225,229,1,1,1634.01,1607.56,0,26.45,0.08199999999999999,12.24157134901255,0.08168885933754441,88.90155555555555,87.34868995633187,1.0177777777777777,周六,9
2026-05-09,太太乐趣食多食品专卖店,15496.71,324,333,1,1,1383.1,1383.1,0,0.0,0.08900000000000001,11.204330850986914,0.0892512023519831,47.82935185185185,46.53666666666666,1.0277777777777777,周六,9
2026-05-09,太太乐食品旗舰店,14914.76,469,477,1,1,2146.5,2146.5,0,0.0,0.14400000000000002,6.948409037968786,0.14391783709560194,31.80119402985075,31.267840670859538,1.0170575692963753,周六,9
2026-05-09,太太乐餐饮旗舰店,24407.44,134,137,1,1,3383.67,3383.67,0,0.0,0.139,7.2133038978387365,0.13863272838118215,182.14507462686566,178.15649635036496,1.0223880597014925,周六,9
2026-05-10,maggi美极旗舰店,18168.92,544,567,1,1,903.57,900.89,0,2.68,0.05,20.107927443363543,0.049731629618051054,33.39875,32.04395061728395,1.0422794117647058,周日,10
2026-05-10,太太乐TOTOLE调味旗舰店,21729.760000000002,993,1024,1,2,7332.9,7332.9,0,0.0,0.337,2.9633241964297894,0.33745885826626704,21.882940584088622,21.220468750000002,1.0312185297079557,周日,10
2026-05-10,太太乐健康轻食旗舰店,27529.88,997,1017,1,1,2761.6,2761.6,0,0.0,0.1,9.968815179606025,0.10031282373915178,27.61271815446339,27.069695181907573,1.020060180541625,周日,10
2026-05-10,太太乐和山云谷专卖店,9868.31,191,194,1,1,1334.9,1334.9,0,0.0,0.135,7.392546258146677,0.13527138892069668,51.666544502617796,50.867577319587625,1.0157068062827226,周日,10
2026-05-10,太太乐嘉乐恒专卖店,7082.01,162,162,1,1,665.11,665.11,0,0.0,0.094,10.647877794650508,0.09391542796465975,43.71611111111111,43.71611111111111,1.0,周日,10
2026-05-10,太太乐官方旗舰店,10151.86,358,363,1,1,1350.69,1350.69,0,0.0,0.133,7.516054757198173,0.13304852509786383,28.35715083798883,27.966556473829204,1.0139664804469273,周日,10
2026-05-10,太太乐小宅调味品专卖店,5372.11,84,86,1,1,346.9,342.41,0,4.49,0.065,15.486047852407033,0.06457425480863199,63.953690476190474,62.4663953488372,1.0238095238095237,周日,10
2026-05-10,太太乐旗舰店,27594.86,1178,1208,1,1,3349.88,3316.36,0,33.52,0.121,8.237566718807837,0.1213950714009783,23.425178268251273,22.843427152317883,1.0254668930390491,周日,10
2026-05-10,太太乐景源专卖店,32837.81,671,682,1,1,3258.42,3240.94,0,17.48,0.099,10.077832200882636,0.09922768905721789,48.938614008941876,48.149281524926685,1.0163934426229508,周日,10
2026-05-10,太太乐调味专卖店,37318.56,263,280,1,1,206.18,186.53,0,19.65,0.006,180.9999029973809,0.0055248648393721525,141.89566539923953,133.28057142857142,1.064638783269962,周日,10
2026-05-10,太太乐调味品专卖店,28628.77,101,115,1,1,1217.41,1133.62,0,83.79,0.043,23.516128502312284,0.042524006445264675,283.4531683168317,248.94582608695652,1.1386138613861385,周日,10
2026-05-10,太太乐调味品官方旗舰店,1225.9,32,35,1,1,95.56,95.56,0,0.0,0.078,12.828589367936376,0.07795089322130679,38.309375,35.02571428571429,1.09375,周日,10
2026-05-10,太太乐调味品旗舰店,8566.21,240,242,1,1,619.51,619.51,0,0.0,0.07200000000000001,13.827395845103387,0.07232019761364712,35.69254166666666,35.39756198347107,1.0083333333333333,周日,10
2026-05-10,太太乐调味料专卖店,20431.6,80,82,1,1,723.14,709.78,0,13.36,0.035,28.25400337417374,0.035393214432545665,255.39499999999998,249.16585365853658,1.025,周日,10
2026-05-10,太太乐调味旗舰店,11943.47,201,206,1,1,1116.22,1116.22,0,0.0,0.09300000000000001,10.699924746017809,0.09345860122728153,59.4202487562189,57.97800970873786,1.0248756218905473,周日,10
2026-05-10,太太乐趣食多专卖店,10688.22,252,255,1,1,1433.66,1433.66,0,0.0,0.134,7.455198582648605,0.13413458929550479,42.41357142857142,41.91458823529412,1.0119047619047619,周日,10
2026-05-10,太太乐趣食多调味品专卖店,13724.59,167,176,1,1,971.95,939.43,0,32.52,0.071,14.120674931838057,0.07081814465860183,82.1831736526946,77.980625,1.0538922155688624,周日,10
2026-05-10,太太乐趣食多食品专卖店,10694.54,248,254,1,1,1063.87,1046.7,0,17.17,0.099,10.052487615968118,0.09947786440557517,43.123145161290324,42.10448818897638,1.0241935483870968,周日,10
2026-05-10,太太乐食品旗舰店,14337.21,455,466,1,1,2208.46,2208.46,0,0.0,0.154,6.491949141030401,0.15403694303145452,31.510351648351648,30.76654506437768,1.024175824175824,周日,10
2026-05-10,太太乐餐饮旗舰店,23533.23,126,132,1,1,3075.33,3029.91,0,45.42,0.131,7.652261708499576,0.13068031885125841,186.77166666666668,178.28204545454545,1.0476190476190477,周日,10
2026-05-11,maggi美极旗舰店,19472.44,563,586,1,1,925.27,925.27,0,0.0,0.048,21.045143579711866,0.04751690080955443,34.58692717584369,33.229419795221844,1.0408525754884548,周一,11
2026-05-11,太太乐TOTOLE调味旗舰店,23031.769999999997,1102,1135,1,2,7816.51,7816.51,0,0.0,0.33899999999999997,2.94655415268451,0.3393794745258398,20.899972776769506,20.29230837004405,1.02994555353902,周一,11
2026-05-11,太太乐健康轻食旗舰店,34986.83,896,917,1,1,3112.38,3081.76,0,30.62,0.08900000000000001,11.241181989345774,0.08895861671377486,39.04780133928572,38.153576881134136,1.0234375,周一,11
2026-05-11,太太乐和山云谷专卖店,20223.88,254,258,1,1,2075.62,2075.62,0,0.0,0.10300000000000001,9.74353687091086,0.10263213587105935,79.62157480314961,78.38713178294574,1.015748031496063,周一,11
2026-05-11,太太乐嘉乐恒专卖店,5476.27,152,155,1,1,595.05,595.05,0,0.0,0.109,9.20304176119654,0.10865972641962501,36.02809210526316,35.33077419354839,1.019736842105263,周一,11
2026-05-11,太太乐官方旗舰店,11528.17,371,379,1,1,1495.99,1495.99,0,0.0,0.13,7.706047500317515,0.1297682112598964,31.07323450134771,30.417335092348285,1.0215633423180592,周一,11
2026-05-11,太太乐小宅调味品专卖店,7074.71,95,96,1,1,451.01,451.01,0,0.0,0.064,15.68637059045254,0.06374960952463068,74.47063157894736,73.69489583333333,1.0105263157894737,周一,11
2026-05-11,太太乐旗舰店,25237.36,1070,1091,1,1,3551.06,3528.59,0,22.47,0.141,7.106993404786177,0.14070647643018128,23.586317757009347,23.132318973418883,1.019626168224299,周一,11
2026-05-11,太太乐景源专卖店,45295.77,1218,1249,1,1,4926.41,4917.67,0,8.74,0.109,9.194478332091725,0.10876092844872712,37.18864532019704,36.26562850280224,1.0254515599343186,周一,11
2026-05-11,太太乐调味专卖店,37778.87,249,263,1,1,200.34,200.34,0,0.0,0.005,188.57377458320855,0.0053029643290019,151.72236947791166,143.6458935361217,1.0562248995983936,周一,11
2026-05-11,太太乐调味品专卖店,26337.21,104,113,1,1,1052.18,917.85,0,134.33,0.04,25.031087836681934,0.039950321237519085,253.24240384615385,233.07265486725663,1.0865384615384615,周一,11
2026-05-11,太太乐调味品官方旗舰店,1044.39,37,37,1,1,56.9,56.9,0,0.0,0.054000000000000006,18.354833040421795,0.05448156340064535,28.22675675675676,28.22675675675676,1.0,周一,11
2026-05-11,太太乐调味品旗舰店,8536.26,260,266,1,1,623.86,573.29,0,50.57,0.073,13.682973744109255,0.07308352838362468,32.83176923076923,32.0912030075188,1.023076923076923,周一,11
2026-05-11,太太乐调味料专卖店,17395.47,64,68,1,1,744.74,744.74,0,0.0,0.043,23.357775868088194,0.04281229538494792,271.80421875,255.81573529411767,1.0625,周一,11
2026-05-11,太太乐调味旗舰店,14337.43,236,239,1,1,1345.96,1345.96,0,0.0,0.094,10.652196201967369,0.09387735458865362,60.75182203389831,59.989246861924684,1.0127118644067796,周一,11
2026-05-11,太太乐趣食多专卖店,10338.85,259,264,1,1,1389.7,1369.91,0,19.79,0.134,7.439627257681514,0.1344153363285085,39.91833976833977,39.16231060606061,1.0193050193050193,周一,11
2026-05-11,太太乐趣食多调味品专卖店,15093.99,186,187,1,1,1031.56,1002.03,0,29.53,0.068,14.632197836286789,0.06834243298160393,81.15048387096775,80.71652406417113,1.0053763440860215,周一,11
2026-05-11,太太乐趣食多食品专卖店,12189.28,286,289,1,1,1097.8,1097.8,0,0.0,0.09,11.103370377117873,0.0900627436567213,42.619860139860144,42.17743944636678,1.0104895104895104,周一,11
2026-05-11,太太乐食品旗舰店,14862.5,527,542,1,1,2308.07,2308.07,0,0.0,0.155,6.439362757628667,0.15529486963835157,28.202087286527515,27.421586715867157,1.0284629981024669,周一,11
2026-05-11,太太乐餐饮旗舰店,24106.15,132,136,1,1,3383.66,3281.47,0,102.19,0.14,7.124282581583257,0.14036501058858422,182.6223484848485,177.25110294117647,1.0303030303030303,周一,11
2026-05-12,maggi美极旗舰店,17670.91,581,597,1,1,906.39,906.39,0,0.0,0.051,19.4959233883869,0.051292774395885664,30.414647160068846,29.599514237855946,1.027538726333907,周二,12
2026-05-12,太太乐TOTOLE调味旗舰店,22574.14,1143,1173,1,2,8046.04,8046.04,0,0.0,0.35600000000000004,2.8056211502801376,0.35642731018767493,19.749903762029746,19.244791133844842,1.026246719160105,周二,12
2026-05-12,太太乐健康轻食旗舰店,29422.02,992,1019,1,1,3477.23,3447.73,0,29.5,0.11800000000000001,8.46133847919177,0.11818461138970064,29.65929435483871,28.87342492639843,1.0272177419354838,周二,12
2026-05-12,太太乐和山云谷专卖店,18572.74,249,251,1,1,2191.15,2191.15,0,0.0,0.11800000000000001,8.476252196335258,0.11797666903214064,74.58931726907632,73.99498007968128,1.0080321285140563,周二,12
2026-05-12,太太乐嘉乐恒专卖店,3773.73,121,122,1,1,475.62,472.72,0,2.9,0.126,7.934338337328119,0.12603445397524465,31.18785123966942,30.9322131147541,1.0082644628099173,周二,12
2026-05-12,太太乐官方旗舰店,12637.13,377,384,1,1,1540.5,1540.5,0,0.0,0.122,8.20326517364492,0.12190267885192288,33.520238726790446,32.90919270833333,1.0185676392572944,周二,12
2026-05-12,太太乐小宅调味品专卖店,4961.17,90,90,1,1,316.5,312.01,0,4.49,0.064,15.675102685624013,0.06379543535093536,55.12411111111111,55.12411111111111,1.0,周二,12
2026-05-12,太太乐旗舰店,28161.92,1159,1188,1,1,3598.78,3598.78,0,0.0,0.128,7.825407499208064,0.12778887234961253,24.29846419327006,23.705319865319865,1.0250215703192407,周二,12
2026-05-12,太太乐景源专卖店,45158.18,1517,1556,1,1,5663.15,5645.67,0,17.48,0.125,7.974039183140126,0.1254069583849482,29.768081740276862,29.021966580976866,1.0257086354647331,周二,12
2026-05-12,太太乐调味专卖店,33297.32,266,284,1,1,202.92,197.61,0,5.31,0.006,164.0908732505421,0.0060941841565627505,125.1778947368421,117.24408450704225,1.0676691729323309,周二,12
2026-05-12,太太乐调味品专卖店,34998.06,132,143,1,1,1498.03,1495.4,0,2.63,0.043,23.362723042929712,0.04280322966472999,265.13681818181817,244.7416783216783,1.0833333333333333,周二,12
2026-05-12,太太乐调味品官方旗舰店,1497.73,41,41,1,1,103.27,103.27,0,0.0,0.069,14.50305025660889,0.06895101253229888,36.53,36.53,1.0,周二,12
2026-05-12,太太乐调味品旗舰店,5406.43,222,225,1,1,439.29,439.29,0,0.0,0.081,12.307200254956863,0.08125324844675692,24.35328828828829,24.02857777777778,1.0135135135135136,周二,12
2026-05-12,太太乐调味料专卖店,26122.66,69,72,1,1,813.83,787.11,0,26.72,0.031,32.09842350368013,0.031154178020155684,378.58927536231886,362.8147222222222,1.0434782608695652,周二,12
2026-05-12,太太乐调味旗舰店,14638.09,225,230,1,1,1209.76,1209.76,0,0.0,0.083,12.09999504033858,0.08264466197434228,65.05817777777777,63.64386956521739,1.0222222222222221,周二,12
2026-05-12,太太乐趣食多专卖店,12720.41,286,293,1,1,1783.14,1783.14,0,0.0,0.14,7.133713561470215,0.14017944390157236,44.47695804195804,43.41436860068259,1.0244755244755244,周二,12
2026-05-12,太太乐趣食多调味品专卖店,15904.79,166,170,1,1,1037.77,997.61,0,40.16,0.065,15.325929637588292,0.06524889671602077,95.81198795180724,93.55758823529412,1.0240963855421688,周二,12
2026-05-12,太太乐趣食多食品专卖店,13791.18,272,274,1,1,1099.47,1086.85,0,12.62,0.08,12.543480040383093,0.07972269232944534,50.702867647058824,50.332773722627735,1.0073529411764706,周二,12
2026-05-12,太太乐食品旗舰店,14231.54,532,537,1,1,2177.51,2177.51,0,0.0,0.153,6.5356944399796095,0.15300592908427338,26.751015037593987,26.50193668528864,1.0093984962406015,周二,12
2026-05-12,太太乐餐饮旗舰店,25285.81,149,153,1,1,3676.17,3676.17,0,0.0,0.145,6.878302690027937,0.1453847039110078,169.70342281879195,165.2667320261438,1.0268456375838926,周二,12
2026-05-13,maggi美极旗舰店,19732.08,635,661,1,1,907.51,907.51,0,0.0,0.046,21.743099249595048,0.04599160352076415,31.07414173228347,29.851860816944026,1.0409448818897638,周三,13
2026-05-13,太太乐TOTOLE调味旗舰店,24463.01,1218,1253,1,2,8501.78,8501.78,0,0.0,0.348,2.877398615348785,0.3475361372128778,20.08457307060755,19.523551476456504,1.028735632183908,周三,13
2026-05-13,太太乐健康轻食旗舰店,29207.44,994,1021,1,1,3644.62,3644.62,0,0.0,0.125,8.013850552320955,0.12478395915561241,29.38374245472837,28.60669931439765,1.0271629778672031,周三,13
2026-05-13,太太乐和山云谷专卖店,21156.81,258,264,1,1,2628.59,2628.59,0,0.0,0.124,8.048729547019505,0.1242432105785324,82.00313953488373,80.13943181818182,1.0232558139534884,周三,13
2026-05-13,太太乐嘉乐恒专卖店,5668.28,135,137,1,1,601.84,596.04,0,5.8,0.106,9.418250697859895,0.1061768296555569,41.987259259259254,41.37430656934306,1.0148148148148148,周三,13
2026-05-13,太太乐官方旗舰店,11942.29,344,350,1,1,1550.31,1550.31,0,0.0,0.13,7.703162593287795,0.12981681067868892,34.71595930232559,34.120828571428575,1.0174418604651163,周三,13
2026-05-13,太太乐小宅调味品专卖店,5294.89,99,99,1,1,325.0,325.0,0,0.0,0.061,16.291969230769233,0.06137993423848276,53.48373737373738,53.48373737373738,1.0,周三,13
2026-05-13,太太乐旗舰店,32138.75,1334,1371,1,1,4035.34,4024.9,0,10.44,0.126,7.964322708867158,0.12555995488312396,24.092016491754123,23.441830780452225,1.027736131934033,周三,13
2026-05-13,太太乐景源专卖店,47535.88,1537,1558,1,1,5725.52,5716.78,0,8.74,0.12,8.302456370775054,0.12044628184015949,30.927703318152243,30.51083440308087,1.0136629798308392,周三,13
2026-05-13,太太乐调味专卖店,21922.37,191,200,1,1,207.81,163.92,0,43.89,0.009000000000000001,105.49237284057551,0.009479358299307968,114.7768062827225,109.61184999999999,1.0471204188481675,周三,13
2026-05-13,太太乐调味品专卖店,45971.21,102,118,1,1,1921.05,1906.67,0,14.38,0.042,23.930251685276282,0.04178811042824411,450.69813725490195,389.5865254237288,1.1568627450980393,周三,13
2026-05-13,太太乐调味品官方旗舰店,1641.85,31,32,1,1,60.69,60.69,0,0.0,0.037000000000000005,27.053056516724336,0.036964399914730335,52.96290322580645,51.3078125,1.032258064516129,周三,13
2026-05-13,太太乐调味品旗舰店,6849.29,258,262,1,1,634.42,634.42,0,0.0,0.09300000000000001,10.796144509946092,0.09262565900991197,26.54763565891473,26.142328244274808,1.0155038759689923,周三,13
2026-05-13,太太乐调味料专卖店,23595.17,85,91,1,1,467.33,467.33,0,0.0,0.02,50.48931162133824,0.01980617219541118,277.59023529411763,259.28758241758237,1.0705882352941176,周三,13
2026-05-13,太太乐调味旗舰店,13111.25,211,214,1,1,1052.72,1052.72,0,0.0,0.08,12.454641310129949,0.08029135284583849,62.138625592417064,61.26752336448598,1.014218009478673,周三,13
2026-05-13,太太乐趣食多专卖店,11869.06,299,301,1,1,1655.17,1655.17,0,0.0,0.139,7.1709008742304405,0.13945249244674812,39.695852842809366,39.43209302325581,1.0066889632107023,周三,13
2026-05-13,太太乐趣食多调味品专卖店,19209.15,193,198,1,1,1318.7,1318.7,0,0.0,0.069,14.566732387957838,0.06864957585317413,99.52927461139898,97.0159090909091,1.0259067357512954,周三,13
2026-05-13,太太乐趣食多食品专卖店,10970.77,244,246,1,1,1023.27,1023.27,0,0.0,0.09300000000000001,10.72128568217577,0.09327239564770749,44.96217213114754,44.59662601626017,1.0081967213114753,周三,13
2026-05-13,太太乐食品旗舰店,11927.96,456,466,1,1,1958.3,1958.3,0,0.0,0.16399999999999998,6.0909768676913645,0.16417727758979742,26.157807017543856,25.596480686695276,1.0219298245614035,周三,13
2026-05-13,太太乐餐饮旗舰店,28366.63,178,185,1,1,3703.05,3703.05,0,0.0,0.131,7.6603421503895435,0.1305424719115383,159.36308988764046,153.33313513513514,1.0393258426966292,周三,13
2026-05-14,maggi美极旗舰店,16213.38,507,532,1,1,903.62,900.99,0,2.63,0.055999999999999994,17.94269715145747,0.055732981031715784,31.97905325443787,30.47627819548872,1.04930966469428,周四,14
2026-05-14,太太乐TOTOLE调味旗舰店,23892.079999999998,1187,1239,1,2,8409.4,8409.4,0,0.0,0.35200000000000004,2.841115894118486,0.3519743781202809,20.12812131423757,19.283357546408393,1.0438079191238416,周四,14
2026-05-14,太太乐健康轻食旗舰店,32022.47,1114,1133,1,1,4012.59,3999.2,0,13.39,0.125,7.980498879775905,0.1253054495796233,28.74548473967684,28.26343336275375,1.0170556552962298,周四,14
2026-05-14,太太乐和山云谷专卖店,18047.76,225,227,1,1,2238.09,2205.59,0,32.5,0.124,8.063911638942132,0.12400929533637417,80.21226666666666,79.50555066079295,1.008888888888889,周四,14
2026-05-14,太太乐嘉乐恒专卖店,6206.98,126,128,1,1,547.19,544.29,0,2.9,0.08800000000000001,11.343372503152468,0.08815720366426186,49.26174603174603,48.49203125,1.0158730158730158,周四,14
2026-05-14,太太乐官方旗舰店,8248.54,308,309,1,1,1156.64,1156.64,0,0.0,0.14,7.1314670078849085,0.14022360320735547,26.78097402597403,26.694304207119743,1.0032467532467533,周四,14
2026-05-14,太太乐小宅调味品专卖店,5690.78,100,102,1,1,327.18,327.18,0,0.0,0.057,17.393422580842348,0.05749299744498997,56.907799999999995,55.79196078431372,1.02,周四,14
2026-05-14,太太乐旗舰店,35475.17,1476,1526,1,1,4891.11,4883.38,0,7.73,0.138,7.252989607675968,0.13787418072978933,24.034668021680215,23.247162516382698,1.0338753387533874,周四,14
2026-05-14,太太乐景源专卖店,38845.79,1405,1426,1,1,4996.77,4996.77,0,0.0,0.129,7.774180120357751,0.1286309275728464,27.648249110320286,27.24108695652174,1.014946619217082,周四,14
2026-05-14,太太乐调味专卖店,30968.74,232,243,1,1,201.58,201.58,0,0.0,0.006999999999999999,153.6300228197242,0.00650914438236751,133.48594827586209,127.44337448559672,1.0474137931034482,周四,14
2026-05-14,太太乐调味品专卖店,28897.36,136,146,1,1,1263.73,1263.73,0,0.0,0.044000000000000004,22.86671994809018,0.04373167652685228,212.48058823529414,197.92712328767124,1.0735294117647058,周四,14
2026-05-14,太太乐调味品官方旗舰店,3529.73,42,43,1,1,109.15,109.15,0,0.0,0.031,32.33834173156207,0.030923045105432995,84.04119047619048,82.08674418604652,1.0238095238095237,周四,14
2026-05-14,太太乐调味品旗舰店,7370.22,240,247,1,1,536.48,519.41,0,17.07,0.073,13.73810766477781,0.0727902287855722,30.70925,29.838947368421053,1.0291666666666666,周四,14
2026-05-14,太太乐调味料专卖店,19639.01,72,72,1,1,515.13,515.13,0,0.0,0.026000000000000002,38.12437637101314,0.026229937252437878,272.76402777777776,272.76402777777776,1.0,周四,14
2026-05-14,太太乐调味旗舰店,10940.63,188,196,1,1,883.38,883.38,0,0.0,0.081,12.38496456790962,0.08074306507029304,58.19484042553191,55.81954081632653,1.0425531914893618,周四,14
2026-05-14,太太乐趣食多专卖店,8897.26,240,246,1,1,1202.11,1202.11,0,0.0,0.135,7.401369259052833,0.13511013503033517,37.07191666666667,36.167723577235776,1.025,周四,14
2026-05-14,太太乐趣食多调味品专卖店,22910.67,185,191,1,1,1141.76,1123.76,0,18.0,0.05,20.066099705717487,0.04983529508303337,123.84145945945944,119.95115183246072,1.0324324324324323,周四,14
2026-05-14,太太乐趣食多食品专卖店,13027.03,251,257,1,1,1028.19,1017.25,0,10.94,0.079,12.669866464369425,0.07892743012029603,51.90051792828685,50.6888326848249,1.0239043824701195,周四,14
2026-05-14,太太乐食品旗舰店,12228.13,475,485,1,1,2044.06,2044.06,0,0.0,0.16699999999999998,5.982275471365811,0.1671604734329779,25.743431578947366,25.21263917525773,1.0210526315789474,周四,14
2026-05-14,太太乐餐饮旗舰店,22825.37,151,157,1,1,3523.42,3523.42,0,0.0,0.154,6.478185967043384,0.15436420088699548,151.16139072847682,145.38452229299364,1.0397350993377483,周四,14
2026-05-15,maggi美极旗舰店,15690.48,495,512,1,1,911.02,907.24,0,3.78,0.057999999999999996,17.22298083466883,0.05806195858890231,31.697939393939393,30.64546875,1.0343434343434343,周五,15
2026-05-15,太太乐TOTOLE调味旗舰店,21286.39,1089,1123,1,2,7487.64,7487.64,0,0.0,0.35200000000000004,2.842870383725713,0.35175715562854953,19.546730945821853,18.954933214603738,1.0312213039485767,周五,15
2026-05-15,太太乐健康轻食旗舰店,27195.0,1103,1122,1,1,3668.92,3668.92,0,0.0,0.135,7.412263009277934,0.13491156462585036,24.655485040797824,24.237967914438503,1.0172257479601088,周五,15
2026-05-15,太太乐和山云谷专卖店,18289.64,227,228,1,1,1963.86,1963.86,0,0.0,0.107,9.313107859012353,0.1073755415634206,80.5711013215859,80.21771929824561,1.0044052863436124,周五,15
2026-05-15,太太乐嘉乐恒专卖店,8711.21,133,134,1,1,742.6,742.6,0,0.0,0.085,11.730689469431725,0.08524648125805716,65.49781954887217,65.00902985074626,1.0075187969924813,周五,15
2026-05-15,太太乐官方旗舰店,11357.26,346,350,1,1,1398.85,1398.85,0,0.0,0.12300000000000001,8.118997748150267,0.12316791197876951,32.82445086705202,32.44931428571429,1.0115606936416186,周五,15
2026-05-15,太太乐小宅调味品专卖店,4454.89,86,87,1,1,276.27,276.27,0,0.0,0.062,16.125131212219934,0.06201499924801734,51.80104651162791,51.20563218390805,1.0116279069767442,周五,15
2026-05-15,太太乐旗舰店,34987.42,1622,1657,1,1,5329.37,5321.88,0,7.49,0.152,6.565019880398621,0.15232246333110588,21.570542540073983,21.114918527459263,1.0215782983970407,周五,15
2026-05-15,太太乐景源专卖店,38868.61,1330,1351,1,1,4697.85,4664.3,0,33.55,0.121,8.273701799759463,0.12086488299941779,29.22451879699248,28.770251665433012,1.0157894736842106,周五,15
2026-05-15,太太乐调味专卖店,27249.32,210,222,1,1,206.2,195.25,0,10.95,0.008,132.14995150339476,0.007567161308979453,129.75866666666667,122.74468468468469,1.0571428571428572,周五,15
2026-05-15,太太乐调味品专卖店,34861.83,131,149,1,1,1511.04,1511.04,0,0.0,0.043,23.071414390088947,0.043343679892879974,266.1208396946565,233.9720134228188,1.1374045801526718,周五,15
2026-05-15,太太乐调味品官方旗舰店,1063.03,27,27,1,1,90.75,90.75,0,0.0,0.085,11.713829201101928,0.08536918054993745,39.37148148148148,39.37148148148148,1.0,周五,15
2026-05-15,太太乐调味品旗舰店,6366.08,227,232,1,1,460.61,460.61,0,0.0,0.07200000000000001,13.820976531121772,0.07235378757414296,28.04440528634361,27.44,1.0220264317180616,周五,15
2026-05-15,太太乐调味料专卖店,17414.73,47,49,1,1,522.99,522.99,0,0.0,0.03,33.298399586990186,0.030031473356176067,370.526170212766,355.4026530612245,1.0425531914893618,周五,15
2026-05-15,太太乐调味旗舰店,10558.17,186,188,1,1,1043.15,1043.15,0,0.0,0.099,10.121430283276613,0.09880026557632621,56.76435483870968,56.16047872340425,1.010752688172043,周五,15
2026-05-15,太太乐趣食多专卖店,8760.81,222,223,1,1,1207.44,1189.21,0,18.23,0.138,7.255689723712979,0.1378228725426074,39.46310810810811,39.28614349775785,1.0045045045045045,周五,15
2026-05-15,太太乐趣食多调味品专卖店,15366.72,188,191,1,1,1200.54,1188.74,0,11.8,0.078,12.799840071967614,0.07812597613544074,81.73787234042553,80.45403141361257,1.0159574468085106,周五,15
2026-05-15,太太乐趣食多食品专卖店,12265.36,263,266,1,1,1142.78,1142.78,0,0.0,0.09300000000000001,10.732914471726842,0.09317133781641956,46.636349809885935,46.110375939849625,1.0114068441064639,周五,15
2026-05-15,太太乐食品旗舰店,13204.47,492,506,1,1,2155.39,2155.39,0,0.0,0.163,6.126255573237326,0.16323184497370966,26.838353658536583,26.09579051383399,1.0284552845528456,周五,15
2026-05-15,太太乐餐饮旗舰店,22947.77,138,141,1,1,3390.67,3390.67,0,0.0,0.14800000000000002,6.767916075583882,0.14775596931640853,166.28818840579711,162.75014184397165,1.0217391304347827,周五,15
2026-05-16,maggi美极旗舰店,13851.17,386,402,1,1,902.27,902.27,0,0.0,0.065,15.351469072450596,0.06514034554481679,35.883860103626944,34.45564676616915,1.0414507772020725,周六,16
2026-05-16,太太乐TOTOLE调味旗舰店,20664.890000000003,1034,1061,1,2,7428.56,7428.56,0,0.0,0.359,2.7818163951021466,0.35947735506939543,19.98538684719536,19.47680490103676,1.0261121856866537,周六,16
2026-05-16,太太乐健康轻食旗舰店,28620.44,1014,1029,1,1,3623.8,3623.8,0,0.0,0.127,7.897908273083503,0.12661580325110308,28.225285996055227,27.813838678328473,1.014792899408284,周六,16
2026-05-16,太太乐和山云谷专卖店,17232.64,194,197,1,1,1862.74,1854.94,0,7.8,0.10800000000000001,9.251232056003522,0.10809371053999851,88.8280412371134,87.47532994923857,1.0154639175257731,周六,16
2026-05-16,太太乐嘉乐恒专卖店,9204.31,173,176,1,1,725.33,725.33,0,0.0,0.079,12.689823942205615,0.07880329975848271,53.20410404624277,52.29721590909091,1.0173410404624277,周六,16
2026-05-16,太太乐官方旗舰店,11246.29,339,347,1,1,1441.45,1441.45,0,0.0,0.128,7.802067362725034,0.12817115688818267,33.174896755162244,32.41005763688761,1.0235988200589972,周六,16
2026-05-16,太太乐小宅调味品专卖店,5045.66,74,74,1,1,330.78,330.78,0,0.0,0.066,15.253824294092752,0.06555733045825521,68.18459459459459,68.18459459459459,1.0,周六,16
2026-05-16,太太乐旗舰店,26721.17,1183,1208,1,1,4313.87,4302.44,0,11.43,0.161,6.194245538229015,0.16144016148993476,22.587633136094674,22.1201738410596,1.0211327134404058,周六,16
2026-05-16,太太乐景源专卖店,41598.44,1437,1458,1,1,4877.65,4854.38,0,23.27,0.11699999999999999,8.528377394852031,0.11725559900803971,28.94811412665275,28.531165980795613,1.0146137787056368,周六,16
2026-05-16,太太乐调味专卖店,28242.28,230,239,1,1,204.1,204.1,0,0.0,0.006999999999999999,138.3747182753552,0.007226753647368414,122.79252173913044,118.16853556485356,1.0391304347826087,周六,16
2026-05-16,太太乐调味品专卖店,28250.66,118,128,1,1,1151.7,1056.25,0,95.45,0.040999999999999995,24.52953025961622,0.04076718915593477,239.41237288135594,220.70828125,1.0847457627118644,周六,16
2026-05-16,太太乐调味品官方旗舰店,817.12,24,24,1,1,67.07,67.07,0,0.0,0.08199999999999999,12.183092291635607,0.0820809672997846,34.04666666666667,34.04666666666667,1.0,周六,16
2026-05-16,太太乐调味品旗舰店,7504.25,258,262,1,1,513.23,513.23,0,0.0,0.068,14.62161214270405,0.06839191125029151,29.08624031007752,28.642175572519083,1.0155038759689923,周六,16
2026-05-16,太太乐调味料专卖店,10034.49,45,45,1,1,520.89,520.89,0,0.0,0.052000000000000005,19.26412486321488,0.05190996253920229,222.98866666666666,222.98866666666666,1.0,周六,16
2026-05-16,太太乐调味旗舰店,12474.52,218,225,1,1,1100.79,1100.79,0,0.0,0.08800000000000001,11.332334050999737,0.0882430746834347,57.22256880733945,55.44231111111111,1.0321100917431192,周六,16
2026-05-16,太太乐趣食多专卖店,10168.06,261,266,1,1,1267.51,1267.51,0,0.0,0.125,8.022074776530362,0.12465603074726153,38.95808429118774,38.22578947368421,1.0191570881226053,周六,16
2026-05-16,太太乐趣食多调味品专卖店,24619.04,208,215,1,1,1543.48,1518.5,0,24.98,0.063,15.950345971441159,0.06269456485711872,118.36076923076924,114.50716279069768,1.0336538461538463,周六,16
2026-05-16,太太乐趣食多食品专卖店,9331.35,227,234,1,1,879.48,879.48,0,0.0,0.094,10.61007640878701,0.09425002813097783,41.10726872246696,39.8775641025641,1.0308370044052864,周六,16
2026-05-16,太太乐食品旗舰店,12616.12,456,464,1,1,1922.86,1913.46,0,9.4,0.152,6.561122494617393,0.15241294470883282,27.666929824561404,27.18991379310345,1.0175438596491229,周六,16
2026-05-16,太太乐餐饮旗舰店,23541.63,143,147,1,1,2971.5,2899.19,0,72.31,0.126,7.922473498233216,0.12622320544499255,164.62678321678322,160.14714285714285,1.027972027972028,周六,16
2026-05-17,maggi美极旗舰店,12599.58,360,373,1,1,875.45,875.45,0,0.0,0.069,14.39211833913987,0.06948247481265249,34.99883333333333,33.779034852546914,1.0361111111111112,周日,17
2026-05-17,太太乐TOTOLE调味旗舰店,23448.63,1167,1194,1,2,8278.17,8258.89,0,19.28,0.353,2.8325861875269536,0.35303427108534696,20.093084832904886,19.638718592964825,1.0231362467866323,周日,17
2026-05-17,太太乐健康轻食旗舰店,26234.52,1004,1029,1,1,3147.43,3145.29,0,2.14,0.12,8.335219528313576,0.11997284493865334,26.13,25.495160349854228,1.0249003984063745,周日,17
2026-05-17,太太乐和山云谷专卖店,16944.52,224,227,1,1,1981.06,1981.06,0,0.0,0.11699999999999999,8.553259366197894,0.11691449506979247,75.64517857142857,74.64546255506608,1.0133928571428572,周日,17
2026-05-17,太太乐嘉乐恒专卖店,4901.38,126,127,1,1,572.85,562.32,0,10.53,0.11699999999999999,8.55613162258881,0.1168752473793095,38.89984126984127,38.59354330708661,1.007936507936508,周日,17
2026-05-17,太太乐官方旗舰店,24388.31,402,405,1,1,1572.62,1572.62,0,0.0,0.064,15.508075695336446,0.06448253282002729,60.66743781094528,60.21804938271605,1.007462686567164,周日,17
2026-05-17,太太乐小宅调味品专卖店,4065.8,63,63,1,1,259.7,259.7,0,0.0,0.064,15.655756642279554,0.06387426828668404,64.53650793650795,64.53650793650795,1.0,周日,17
2026-05-17,太太乐旗舰店,39118.9,1542,1575,1,1,6025.82,6024.44,0,1.38,0.154,6.491879943310621,0.15403858492953532,25.3689364461738,24.837396825396826,1.0214007782101167,周日,17
2026-05-17,太太乐景源专卖店,48131.1,1553,1574,1,1,5513.28,5513.28,0,0.0,0.115,8.730030036566255,0.11454714311536615,30.992337411461687,30.578843710292247,1.013522215067611,周日,17
2026-05-17,太太乐调味专卖店,30294.9,234,247,1,1,202.84,202.84,0,0.0,0.006999999999999999,149.35367777558668,0.006695516407052012,129.4653846153846,122.65141700404858,1.0555555555555556,周日,17
2026-05-17,太太乐调味品专卖店,30204.98,121,135,1,1,1327.23,1286.75,0,40.48,0.044000000000000004,22.757909329957883,0.04394076738339175,249.6279338842975,223.74059259259258,1.115702479338843,周日,17
2026-05-17,太太乐调味品官方旗舰店,1205.63,28,28,1,1,65.75,65.75,0,0.0,0.055,18.336577946768063,0.054535802858256675,43.05821428571429,43.05821428571429,1.0,周日,17
2026-05-17,太太乐调味品旗舰店,7865.15,243,247,1,1,453.54,453.54,0,0.0,0.057999999999999996,17.341689817877143,0.05766450735205305,32.36687242798354,31.842712550607285,1.0164609053497942,周日,17
2026-05-17,太太乐调味料专卖店,10171.02,42,45,1,1,504.54,504.54,0,0.0,0.05,20.158996313473658,0.04960564427166597,242.16714285714286,226.02266666666668,1.0714285714285714,周日,17
2026-05-17,太太乐调味旗舰店,13973.83,240,240,1,1,1268.8,1268.8,0,0.0,0.091,11.013422131147541,0.09079829939250728,58.224291666666666,58.224291666666666,1.0,周日,17
2026-05-17,太太乐趣食多专卖店,12040.58,276,278,1,1,1520.75,1520.75,0,0.0,0.126,7.917527535755384,0.12630205521660917,43.62528985507247,43.311438848920865,1.0072463768115942,周日,17
2026-05-17,太太乐趣食多调味品专卖店,26323.79,228,236,1,1,1542.6,1519.06,0,23.54,0.059000000000000004,17.064559834046417,0.058600984128805156,115.45521929824562,111.54148305084746,1.0350877192982457,周日,17
2026-05-17,太太乐趣食多食品专卖店,12809.71,246,248,1,1,1047.28,1047.28,0,0.0,0.08199999999999999,12.23140898327095,0.08175672985571102,52.0719918699187,51.6520564516129,1.008130081300813,周日,17
2026-05-17,太太乐食品旗舰店,12609.88,512,524,1,1,2054.91,2036.1,0,18.81,0.163,6.136463397423731,0.16296031365881355,24.628671875,24.064656488549616,1.0234375,周日,17
2026-05-17,太太乐餐饮旗舰店,22064.18,153,156,1,1,3259.98,3206.39,0,53.59,0.14800000000000002,6.768194896901208,0.14774988238855918,144.21032679738562,141.43705128205127,1.0196078431372548,周日,17
2026-05-18,maggi美极旗舰店,12354.01,378,390,1,1,870.06,867.59,0,2.47,0.07,14.199032250649381,0.0704273349301158,32.68256613756614,31.67694871794872,1.0317460317460319,周一,18
2026-05-18,太太乐TOTOLE调味旗舰店,22825.850000000002,1176,1208,1,2,7561.1,7561.1,0,0.0,0.331,3.0188530769332504,0.33125162918357914,19.409736394557825,18.895571192052984,1.0272108843537415,周一,18
2026-05-18,太太乐健康轻食旗舰店,25546.44,992,1003,1,1,3547.11,3540.94,0,6.17,0.139,7.202043353603355,0.13884948352882046,25.752459677419353,25.47002991026919,1.0110887096774193,周一,18
2026-05-18,太太乐和山云谷专卖店,16712.19,211,212,1,1,1960.76,1960.76,0,0.0,0.11699999999999999,8.523322589200106,0.1173251381177452,79.20469194312795,78.83108490566038,1.004739336492891,周一,18
2026-05-18,太太乐嘉乐恒专卖店,5530.55,136,138,1,1,637.45,637.45,0,0.0,0.115,8.676053023766569,0.11525978428908518,40.66580882352941,40.07644927536232,1.0147058823529411,周一,18
2026-05-18,太太乐官方旗舰店,12889.4,398,413,1,1,1629.57,1626.6,0,2.97,0.126,7.9096939683474785,0.1264271416823126,32.38542713567839,31.209200968523003,1.0376884422110553,周一,18
2026-05-18,太太乐小宅调味品专卖店,5799.68,89,91,1,1,333.92,333.92,0,0.0,0.057999999999999996,17.36847149017729,0.057575590377400135,65.16494382022472,63.73274725274726,1.0224719101123596,周一,18
2026-05-18,太太乐旗舰店,38495.34,1576,1626,1,1,5779.08,5751.84,0,27.24,0.15,6.661153678440167,0.15012414489649917,24.425977157360403,23.674870848708483,1.031725888324873,周一,18
2026-05-18,太太乐景源专卖店,41057.13,1071,1091,1,1,4510.76,4494.69,0,16.07,0.11,9.10204267130151,0.1098654484616923,38.33532212885154,37.6325664527956,1.018674136321195,周一,18
2026-05-18,太太乐调味专卖店,18032.35,147,156,1,1,210.0,210.0,0,0.0,0.012,85.86833333333333,0.011645736689893443,122.6690476190476,115.59198717948718,1.0612244897959184,周一,18
2026-05-18,太太乐调味品专卖店,29513.2,126,136,1,1,1333.86,1309.63,0,24.23,0.045,22.12616016673414,0.0451953702072293,234.23174603174604,217.00882352941176,1.0793650793650793,周一,18
2026-05-18,太太乐调味品官方旗舰店,1126.97,23,23,1,1,84.68,84.68,0,0.0,0.075,13.308573452999527,0.07513953343922199,48.998695652173915,48.998695652173915,1.0,周一,18
2026-05-18,太太乐调味品旗舰店,8393.25,264,269,1,1,540.41,540.41,0,0.0,0.064,15.531263300086971,0.06438626277067881,31.792613636363637,31.20167286245353,1.018939393939394,周一,18
2026-05-18,太太乐调味料专卖店,11082.19,51,51,1,1,662.87,662.87,0,0.0,0.06,16.718496839500958,0.059813989834139276,217.29784313725492,217.29784313725492,1.0,周一,18
2026-05-18,太太乐调味旗舰店,10332.39,187,190,1,1,988.56,988.56,0,0.0,0.096,10.451960427288176,0.09567583105167343,55.253422459893045,54.381,1.0160427807486632,周一,18
2026-05-18,太太乐趣食多专卖店,11596.8,287,289,1,1,1457.83,1400.48,0,57.35,0.126,7.954836983736101,0.12570967853200885,40.40696864111498,40.127335640138405,1.0069686411149825,周一,18
2026-05-18,太太乐趣食多调味品专卖店,34016.37,223,230,1,1,1567.88,1544.43,0,23.45,0.046,21.69577391126872,0.046091925740459665,152.53977578475337,147.89726086956523,1.031390134529148,周一,18
2026-05-18,太太乐趣食多食品专卖店,12481.71,294,298,1,1,1145.09,1065.72,0,79.37,0.092,10.900199984280711,0.09174143606925654,42.454795918367346,41.88493288590604,1.0136054421768708,周一,18
2026-05-18,太太乐食品旗舰店,13042.74,495,507,1,1,2100.67,2091.27,0,9.4,0.161,6.208847653367735,0.16106048268998693,26.348969696969696,25.725325443786982,1.0242424242424242,周一,18
2026-05-18,太太乐餐饮旗舰店,22571.99,143,146,1,1,3244.27,3244.27,0,0.0,0.14400000000000002,6.957494289932713,0.14372990595866822,157.84608391608393,154.60267123287673,1.020979020979021,周一,18
2026-05-19,maggi美极旗舰店,13306.83,388,403,1,1,856.61,856.61,0,0.0,0.064,15.534292151620924,0.0643737088397462,34.29595360824742,33.01942928039702,1.038659793814433,周二,19
2026-05-19,太太乐TOTOLE调味旗舰店,19549.24,994,1031,1,2,6122.18,6122.18,0,0.0,0.313,3.193182820498581,0.31316716148556156,19.66724346076459,18.961435499515037,1.0372233400402415,周二,19
2026-05-19,太太乐健康轻食旗舰店,26527.63,911,930,1,1,2959.04,2947.66,0,11.38,0.11199999999999999,8.964944711798422,0.11154558473561339,29.119242590559825,28.524333333333335,1.0208562019758507,周二,19
2026-05-19,太太乐和山云谷专卖店,19791.1,227,232,1,1,2186.53,2186.53,0,0.0,0.11,9.051373637681621,0.11048046849341372,87.18546255506607,85.30646551724138,1.0220264317180616,周二,19
2026-05-19,太太乐嘉乐恒专卖店,3462.18,102,102,1,1,504.77,504.77,0,0.0,0.146,6.858925847415654,0.14579542369258675,33.94294117647058,33.94294117647058,1.0,周二,19
2026-05-19,太太乐官方旗舰店,11520.88,396,404,1,1,1498.9,1498.9,0,0.0,0.13,7.686223230368936,0.13010290880557737,29.093131313131313,28.517029702970294,1.02020202020202,周二,19
2026-05-19,太太乐小宅调味品专卖店,6441.61,114,117,1,1,371.4,371.4,0,0.0,0.057999999999999996,17.344130317716747,0.05765639335507738,56.50535087719298,55.056495726495726,1.0263157894736843,周二,19
2026-05-19,太太乐旗舰店,36836.57,1645,1680,1,1,5669.72,5666.24,0,3.48,0.154,6.49707040206571,0.1539155247081908,22.393051671732522,21.92652976190476,1.0212765957446808,周二,19
2026-05-19,太太乐景源专卖店,31615.16,684,697,1,1,3122.28,3113.54,0,8.74,0.099,10.125664578449081,0.0987589498202761,46.220994152046785,45.35890961262554,1.0190058479532165,周二,19
2026-05-19,太太乐调味专卖店,13512.88,132,132,1,1,408.64,375.27,0,33.37,0.03,33.06793265465936,0.030240777687658,102.37030303030302,102.37030303030302,1.0,周二,19
2026-05-19,太太乐调味品专卖店,31405.16,114,126,1,1,1348.31,1325.91,0,22.4,0.043,23.292239915153043,0.04293275372582085,275.4838596491228,249.2473015873016,1.105263157894737,周二,19
2026-05-19,太太乐调味品官方旗舰店,1203.29,26,27,1,1,75.09,75.09,0,0.0,0.062,16.024637102144094,0.062403909282051716,46.28038461538461,44.566296296296294,1.0384615384615385,周二,19
2026-05-19,太太乐调味品旗舰店,8442.82,254,257,1,1,545.56,526.64,0,18.92,0.065,15.475511401129117,0.06461821997863272,33.239448818897635,32.85143968871595,1.0118110236220472,周二,19
2026-05-19,太太乐调味料专卖店,13785.44,61,63,1,1,710.03,710.03,0,0.0,0.052000000000000005,19.41529231159247,0.05150579161782286,225.99081967213115,218.81650793650795,1.0327868852459017,周二,19
2026-05-19,太太乐调味旗舰店,12192.1,207,212,1,1,1048.62,1048.62,0,0.0,0.086,11.626804752913355,0.08600815282026886,58.899033816425124,57.50990566037736,1.0241545893719808,周二,19
2026-05-19,太太乐趣食多专卖店,10115.19,275,277,1,1,1332.87,1332.87,0,0.0,0.132,7.5890296878165175,0.131769151147927,36.782509090909095,36.51693140794224,1.0072727272727273,周二,19
2026-05-19,太太乐趣食多调味品专卖店,15396.13,254,259,1,1,1482.01,1470.81,0,11.2,0.096,10.388681587843536,0.09625860524690295,60.61468503937007,59.444517374517375,1.0196850393700787,周二,19
2026-05-19,太太乐趣食多食品专卖店,12595.91,253,255,1,1,984.0,984.0,0,0.0,0.078,12.800721544715447,0.07812059628879534,49.786205533596835,49.39572549019608,1.007905138339921,周二,19
2026-05-19,太太乐食品旗舰店,14426.69,527,535,1,1,2254.02,2245.9,0,8.12,0.156,6.4004267930186955,0.15623958094337648,27.375123339658444,26.96577570093458,1.015180265654649,周二,19
2026-05-19,太太乐餐饮旗舰店,23395.85,137,143,1,1,3449.43,3422.34,0,27.09,0.147,6.782526388417796,0.14743768659826423,170.77262773722626,163.60734265734266,1.0437956204379562,周二,19
