数据月份,省,市,区县,订单行数,数量合计,GMV合计
2月,辽宁省,辽阳市,白塔区,1,400.0,2831.4
2月,安徽省,阜阳市,颍东区,2,240.0,1553.904
2月,江苏省,泰州市,泰兴市,4,241.0,1546.5079999999998
2月,甘肃省,天水市,清水县,3,161.0,1074.546
2月,江苏省,淮安市,涟水县,3,126.0,857.2180000000001
2月,黑龙江省,齐齐哈尔市,甘南县,1,120.0,849.42
2月,江苏省,淮安市,洪泽区,2,95.0,661.4805
2月,浙江省,金华市,义乌市,6,85.0,616.2495
2月,湖北省,襄阳市,枣阳市,2,98.0,615.3526
2月,湖北省,黄石市,阳新县,2,95.0,613.9915
2月,浙江省,宁波市,鄞州区,4,84.0,604.432
2月,浙江省,温州市,瑞安市,3,96.0,596.9112
2月,安徽省,滁州市,琅琊区,3,83.0,592.7201
2月,浙江省,宁波市,慈溪市,3,82.0,572.0838
2月,湖北省,随州市,曾都区,2,80.0,572.0
2月,陕西省,榆林市,靖边县,2,80.0,572.0
2月,浙江省,杭州市,建德市,4,85.0,556.9995
2月,浙江省,温州市,平阳县,3,84.0,549.3189
2月,安徽省,宣城市,宣州区,3,81.0,548.3820000000001
2月,山东省,日照市,五莲县,2,80.0,546.0
2月,江苏省,徐州市,邳州市,1,80.0,537.968
2月,浙江省,嘉兴市,桐乡市,2,80.0,537.54
2月,河北省,保定市,安新县,2,80.0,517.66
2月,湖南省,湘潭市,湘潭县,2,70.0,450.8
2月,浙江省,湖州市,吴兴区,4,59.0,426.32959999999997
2月,江西省,上饶市,广丰区,4,59.0,417.7196
2月,海南省,海口市,美兰区,3,57.0,404.56759999999997
2月,江苏省,淮安市,淮安区,2,55.0,395.9995
2月,江西省,赣州市,定南县,2,55.0,395.9995
2月,浙江省,绍兴市,上虞区,2,55.0,395.9995
2月,辽宁省,大连市,甘井子区,2,55.0,395.9995
2月,江西省,九江市,修水县,2,55.0,389.0005
2月,江西省,九江市,浔阳区,2,55.0,381.6995
2月,浙江省,湖州市,安吉县,3,56.0,373.6615
2月,上海,上海市,浦东新区,8,50.0,356.54380000000003
2月,安徽省,阜阳市,临泉县,4,45.0,328.8619
2月,海南省,三亚市,天涯区,3,46.0,323.6985
2月,广东省,佛山市,南海区,3,44.0,321.7099
2月,安徽省,芜湖市,鸠江区,3,44.0,319.7416
2月,江苏省,宿迁市,宿城区,3,44.0,310.6426
2月,浙江省,金华市,东阳市,2,42.0,303.1204
2月,湖北省,省直辖县级行政区划,仙桃市,2,42.0,303.1204
2月,山东省,泰安市,东平县,3,42.0,302.8757
2月,湖南省,怀化市,溆浦县,2,41.0,296.9
2月,江西省,吉安市,吉州区,2,41.0,295.122
2月,江西省,宜春市,袁州区,2,41.0,295.122
2月,浙江省,衢州市,衢江区,2,41.0,295.122
2月,湖北省,武汉市,汉阳区,2,41.0,295.122
2月,湖北省,襄阳市,南漳县,2,41.0,295.122
2月,江苏省,盐城市,阜宁县,2,41.0,294.6659
2月,江苏省,扬州市,江都区,4,43.0,294.2678
2月,安徽省,芜湖市,无为市,2,41.0,293.8463
2月,江苏省,徐州市,沛县,2,41.0,293.2976
2月,海南省,三亚市,吉阳区,2,41.0,293.2117
2月,吉林省,吉林市,昌邑区,2,41.0,292.8415
2月,黑龙江省,牡丹江市,宁安市,2,41.0,290.139
2月,云南省,德宏傣族景颇族自治州,陇川县,1,40.0,286.0
2月,安徽省,合肥市,肥东县,1,40.0,286.0
2月,安徽省,宣城市,宁国市,1,40.0,286.0
2月,山东省,东营市,东营区,1,40.0,286.0
2月,江苏省,南京市,秦淮区,1,40.0,286.0
2月,江苏省,无锡市,宜兴市,1,40.0,286.0
2月,江苏省,无锡市,滨湖区,1,40.0,286.0
2月,江苏省,淮安市,金湖县,1,40.0,286.0
2月,江西省,赣州市,瑞金市,1,40.0,286.0
2月,河北省,保定市,唐县,1,40.0,286.0
2月,河南省,南阳市,淅川县,1,40.0,286.0
2月,河南省,周口市,沈丘县,1,40.0,286.0
2月,河南省,商丘市,永城市,1,40.0,286.0
2月,河南省,驻马店市,泌阳县,1,40.0,286.0
2月,浙江省,丽水市,青田县,1,40.0,286.0
2月,浙江省,台州市,天台县,1,40.0,286.0
2月,浙江省,嘉兴市,海盐县,1,40.0,286.0
2月,浙江省,温州市,龙港市,1,40.0,286.0
2月,浙江省,金华市,武义县,1,40.0,286.0
2月,浙江省,金华市,永康市,1,40.0,286.0
2月,海南省,五指山市,通什镇,1,40.0,286.0
2月,海南省,省直辖县级行政区划,临高县,1,40.0,286.0
2月,海南省,省直辖县级行政区划,乐东黎族自治县,1,40.0,286.0
2月,湖北省,十堰市,房县,1,40.0,286.0
2月,湖北省,咸宁市,通山县,1,40.0,286.0
2月,湖北省,省直辖县级行政区划,天门市,1,40.0,286.0
2月,湖南省,怀化市,芷江侗族自治县,1,40.0,286.0
2月,湖南省,怀化市,靖州苗族侗族自治县,1,40.0,286.0
2月,福建省,宁德市,古田县,1,40.0,286.0
2月,贵州省,六盘水市,盘州市,1,40.0,286.0
2月,贵州省,毕节市,七星关区,1,40.0,286.0
2月,贵州省,黔南布依族苗族自治州,福泉市,1,40.0,286.0
2月,陕西省,咸阳市,秦都区,1,40.0,286.0
2月,黑龙江省,哈尔滨市,尚志市,1,40.0,286.0
2月,黑龙江省,哈尔滨市,木兰县,1,40.0,286.0
2月,福建省,泉州市,安溪县,2,43.0,285.14
2月,四川省,广元市,苍溪县,2,42.0,284.9
2月,浙江省,绍兴市,新昌县,2,42.0,283.43199999999996
2月,浙江省,温州市,洞头区,1,40.0,283.0
2月,福建省,宁德市,霞浦县,2,41.0,280.122
2月,福建省,龙岩市,新罗区,2,41.0,279.45369999999997
2月,江苏省,苏州市,吴江区,1,40.0,279.0
2月,广东省,揭阳市,惠来县,1,40.0,276.0
2月,陕西省,安康市,紫阳县,1,40.0,275.412
2月,贵州省,黔南布依族苗族自治州,惠水县,2,41.0,275.122
2月,湖北省,荆州市,洪湖市,2,42.0,274.5204
2月,安徽省,阜阳市,颍上县,2,41.0,272.99199999999996
2月,海南省,省直辖县级行政区划,保亭黎族苗族自治县,1,40.0,272.0
2月,贵州省,贵阳市,开阳县,1,40.0,271.972
2月,安徽省,亳州市,谯城区,1,40.0,271.7
2月,安徽省,合肥市,长丰县,1,40.0,271.7
2月,浙江省,温州市,泰顺县,1,40.0,271.7
2月,海南省,省直辖县级行政区划,澄迈县,1,40.0,271.7
2月,贵州省,遵义市,仁怀市,1,40.0,271.7
2月,辽宁省,葫芦岛市,连山区,1,40.0,271.7
2月,浙江省,台州市,三门县,1,40.0,270.9
2月,贵州省,遵义市,红花岗区,2,41.0,266.522
2月,山东省,聊城市,莘县,1,40.0,266.0
2月,贵州省,六盘水市,钟山区,1,40.0,266.0
2月,安徽省,六安市,舒城县,1,40.0,263.12
2月,安徽省,芜湖市,镜湖区,1,40.0,263.12
2月,江苏省,南通市,港闸区,1,40.0,263.12
2月,湖南省,永州市,祁阳市,1,40.0,263.12
2月,湖南省,邵阳市,邵东市,1,40.0,263.12
2月,湖北省,孝感市,汉川市,2,41.0,262.2937
2月,广东省,中山市,坦洲镇,1,40.0,260.26
2月,江苏省,连云港市,海州区,1,40.0,260.26
2月,湖南省,湘潭市,岳塘区,1,40.0,260.26
2月,湖南省,湘西土家族苗族自治州,凤凰县,1,40.0,260.26
2月,内蒙古自治区,赤峰市,林西县,1,40.0,257.4
2月,湖北省,荆门市,沙洋县,1,40.0,257.4
2月,湖南省,邵阳市,新邵县,1,40.0,257.4
2月,福建省,三明市,将乐县,1,40.0,257.4
2月,安徽省,黄山市,歙县,1,40.0,256.0
2月,广东省,汕头市,潮阳区,1,40.0,256.0
2月,山东省,菏泽市,巨野县,1,40.0,254.54
2月,陕西省,咸阳市,泾阳县,1,40.0,254.54
2月,福建省,莆田市,城厢区,2,41.0,251.3098
2月,江西省,宜春市,高安市,1,40.0,248.82
2月,江西省,萍乡市,莲花县,1,40.0,248.82
2月,山东省,济南市,长清区,2,41.0,245.122
2月,海南省,省直辖县级行政区划,东方市,2,30.0,219.999
2月,云南省,红河哈尼族彝族自治州,蒙自市,1,30.0,217.8
2月,湖南省,常德市,桃源县,2,30.0,203.499
2月,浙江省,绍兴市,柯桥区,2,20.0,145.9
2月,海南省,儋州市,那大镇,4,20.0,145.2249
2月,山东省,临沂市,兰山区,5,21.0,139.0496
2月,海南省,海口市,龙华区,2,18.0,131.595
2月,河南省,信阳市,潢川县,2,18.0,131.3571
2月,安徽省,阜阳市,颍州区,2,17.0,124.17949999999999
2月,江西省,九江市,濂溪区,2,16.0,120.8995
2月,湖南省,衡阳市,耒阳市,2,17.0,117.8597
2月,海南省,省直辖县级行政区划,定安县,2,16.0,116.841
2月,江苏省,苏州市,常熟市,2,18.0,110.4255
2月,云南省,玉溪市,元江哈尼族彝族傣族自治县,1,15.0,109.9995
2月,内蒙古自治区,乌兰察布市,集宁区,1,15.0,109.9995
2月,安徽省,安庆市,太湖县,1,15.0,109.9995
2月,广东省,东莞市,道滘镇,1,15.0,109.9995
2月,江苏省,南通市,启东市,1,15.0,109.9995
2月,江苏省,南通市,通州区,1,15.0,109.9995
2月,江苏省,常州市,新北区,1,15.0,109.9995
2月,江西省,景德镇市,浮梁县,1,15.0,109.9995
2月,江西省,赣州市,章贡区,1,15.0,109.9995
2月,湖南省,永州市,零陵区,1,15.0,109.9995
2月,甘肃省,张掖市,甘州区,1,15.0,109.9995
2月,甘肃省,酒泉市,敦煌市,1,15.0,109.9995
2月,福建省,三明市,尤溪县,1,15.0,109.9995
2月,福建省,宁德市,蕉城区,1,15.0,109.9995
2月,辽宁省,朝阳市,建平县,1,15.0,109.9995
2月,辽宁省,阜新市,阜新蒙古族自治县,1,15.0,109.9995
2月,广东省,广州市,黄埔区,1,15.0,109.6695
2月,江西省,吉安市,永新县,1,15.0,108.0
2月,吉林省,四平市,铁东区,1,15.0,106.9995
2月,江苏省,南通市,如皋市,2,16.0,105.8995
2月,安徽省,宿州市,灵璧县,1,15.0,104.5005
2月,河南省,商丘市,夏邑县,1,15.0,104.5005
2月,江西省,九江市,都昌县,1,15.0,103.0005
2月,山东省,济宁市,任城区,2,16.0,98.90050000000001
2月,江西省,赣州市,宁都县,1,15.0,96.7995
2月,内蒙古自治区,通辽市,科尔沁区,1,15.0,94.9995
2月,安徽省,安庆市,迎江区,1,15.0,94.9995
2月,安徽省,芜湖市,湾沚区,1,15.0,94.9995
2月,湖北省,荆门市,京山市,1,15.0,94.9995
2月,湖南省,永州市,江华瑶族自治县,1,15.0,94.9995
2月,湖南省,长沙市,长沙县,1,15.0,94.9995
2月,福建省,漳州市,诏安县,1,15.0,94.9995
2月,湖南省,永州市,道县,1,15.0,94.6005
2月,辽宁省,丹东市,振兴区,1,12.0,82.0596
2月,江西省,赣州市,全南县,2,10.0,67.3975
2月,山东省,临沂市,平邑县,3,9.0,62.925
2月,江苏省,宿迁市,沭阳县,4,8.0,59.664500000000004
2月,上海,上海市,闵行区,5,8.0,55.1907
2月,陕西省,西安市,雁塔区,3,6.0,50.771
2月,福建省,福州市,福清市,3,6.0,49.6175
2月,陕西省,咸阳市,渭城区,2,6.0,48.82
2月,浙江省,杭州市,萧山区,4,6.0,48.050799999999995
2月,湖北省,武汉市,东西湖区,3,6.0,47.6991
2月,江苏省,淮安市,盱眙县,2,6.0,47.3007
2月,浙江省,台州市,温岭市,2,7.0,46.853699999999996
2月,北京,北京市,丰台区,2,5.0,45.8001
2月,上海,上海市,宝山区,3,5.0,42.4966
2月,山东省,烟台市,福山区,3,6.0,42.0737
2月,广东省,东莞市,塘厦镇,2,6.0,41.6202
2月,广东省,汕头市,龙湖区,3,5.0,41.3798
2月,辽宁省,沈阳市,铁西区,4,5.0,41.144
2月,山东省,滨州市,博兴县,1,5.0,40.9
2月,广东省,中山市,南区街道,1,5.0,40.9
2月,江苏省,连云港市,灌云县,1,5.0,40.9
2月,湖北省,黄石市,大冶市,1,6.0,40.1766
2月,吉林省,长春市,南关区,3,5.0,39.2876
2月,四川省,南充市,阆中市,1,5.0,38.86
2月,浙江省,金华市,浦江县,1,5.0,38.86
2月,福建省,泉州市,南安市,4,5.0,38.5754
2月,浙江省,温州市,乐清市,2,5.0,38.239999999999995
2月,浙江省,杭州市,余杭区,3,5.0,37.9216
2月,安徽省,阜阳市,阜南县,4,5.0,37.0399
2月,上海,上海市,嘉定区,3,4.0,36.939
2月,广东省,汕头市,澄海区,2,5.0,36.1047
2月,广东省,深圳市,宝安区,2,4.0,36.022099999999995
2月,江苏省,苏州市,昆山市,2,4.0,36.022099999999995
2月,云南省,玉溪市,红塔区,2,4.0,34.565799999999996
2月,浙江省,杭州市,临平区,3,5.0,34.549499999999995
2月,湖北省,武汉市,江岸区,2,4.0,34.2408
2月,广东省,珠海市,香洲区,3,4.0,33.54
2月,江苏省,盐城市,东台市,1,6.0,32.8986
2月,江苏省,扬州市,邗江区,2,4.0,32.852599999999995
2月,福建省,龙岩市,长汀县,2,4.0,32.852599999999995
2月,江西省,鹰潭市,月湖区,1,5.0,31.9
2月,山东省,威海市,环翠区,3,3.0,30.922
2月,广东省,广州市,白云区,3,3.0,30.86
2月,福建省,南平市,建瓯市,2,4.0,30.2152
2月,上海,上海市,松江区,4,4.0,30.0728
2月,广东省,东莞市,大朗镇,2,4.0,30.0101
2月,湖北省,襄阳市,谷城县,2,4.0,29.964
2月,广西壮族自治区,南宁市,江南区,2,4.0,29.2961
2月,广东省,深圳市,龙岗区,3,3.0,29.0117
2月,福建省,泉州市,丰泽区,2,4.0,28.5824
2月,辽宁省,沈阳市,皇姑区,2,3.0,28.020400000000002
2月,上海,上海市,青浦区,2,4.0,27.875
2月,北京,北京市,海淀区,2,3.0,27.5659
2月,广东省,潮州市,潮安区,2,4.0,27.2519
2月,江苏省,宿迁市,宿豫区,2,3.0,27.1676
2月,湖北省,武汉市,江夏区,2,3.0,26.931399999999996
2月,上海,上海市,虹口区,1,3.0,26.9001
2月,宁夏回族自治区,银川市,贺兰县,1,3.0,26.9001
2月,山东省,德州市,夏津县,1,3.0,26.9001
2月,山东省,泰安市,泰山区,1,3.0,26.9001
2月,山东省,临沂市,兰陵县,2,4.0,26.8902
2月,湖南省,永州市,江永县,2,4.0,26.6521
2月,安徽省,池州市,东至县,2,3.0,26.3904
2月,安徽省,芜湖市,南陵县,2,3.0,26.2424
2月,山东省,烟台市,蓬莱区,2,3.0,26.2424
2月,福建省,莆田市,仙游县,1,3.0,25.8999
2月,浙江省,嘉兴市,秀洲区,1,3.0,25.6401
2月,河南省,洛阳市,洛龙区,2,3.0,25.6304
2月,湖北省,咸宁市,咸安区,2,3.0,25.3004
2月,安徽省,亳州市,涡阳县,2,3.0,25.1518
2月,河南省,周口市,川汇区,2,3.0,24.8741
2月,吉林省,延边朝鲜族自治州,敦化市,1,3.0,24.6099
2月,江苏省,淮安市,清江浦区,3,3.0,24.4443
2月,河南省,郑州市,中原区,2,3.0,23.8494
2月,广东省,东莞市,樟木头镇,1,3.0,23.7306
2月,广西壮族自治区,北海市,银海区,1,3.0,23.7306
2月,广西壮族自治区,贵港市,港北区,1,3.0,23.7306
2月,广西壮族自治区,钦州市,钦北区,1,3.0,23.7306
2月,江苏省,南通市,崇川区,1,3.0,23.7306
2月,江苏省,连云港市,灌南县,1,3.0,23.7306
2月,河北省,沧州市,沧县,1,3.0,23.7306
2月,湖北省,黄冈市,黄梅县,1,3.0,23.7306
2月,湖南省,岳阳市,汨罗市,1,3.0,23.7306
2月,福建省,漳州市,龙海区,1,3.0,23.7306
2月,安徽省,合肥市,包河区,2,3.0,22.6794
2月,河南省,周口市,郸城县,2,3.0,22.653
2月,浙江省,杭州市,西湖区,2,3.0,22.6504
2月,湖南省,益阳市,沅江市,1,3.0,22.5474
2月,陕西省,西安市,未央区,3,3.0,22.534
2月,辽宁省,大连市,金州区,2,3.0,22.2062
2月,河南省,信阳市,罗山县,2,2.0,22.112000000000002
2月,广东省,深圳市,罗湖区,1,3.0,22.02
2月,广东省,广州市,花都区,2,3.0,21.965600000000002
2月,安徽省,宿州市,埇桥区,1,2.0,21.59
2月,山东省,临沂市,临沭县,1,2.0,21.59
2月,河北省,保定市,竞秀区,1,3.0,21.24
2月,安徽省,阜阳市,太和县,3,3.0,20.972
2月,河北省,保定市,涿州市,2,3.0,20.709699999999998
2月,陕西省,延安市,宝塔区,2,3.0,20.6436
2月,安徽省,蚌埠市,蚌山区,1,3.0,20.1741
2月,山东省,淄博市,张店区,2,2.0,20.022
2月,江苏省,南京市,浦口区,2,2.0,20.022
2月,海南省,海口市,秀英区,2,2.0,20.022
2月,陕西省,安康市,白河县,2,2.0,20.022
2月,浙江省,杭州市,上城区,2,2.0,19.62
2月,辽宁省,锦州市,凌河区,2,2.0,19.62
2月,江苏省,淮安市,淮阴区,1,3.0,19.4604
2月,吉林省,长春市,宽城区,2,2.0,19.1098
2月,重庆,重庆市,璧山区,1,3.0,18.9843
2月,内蒙古自治区,呼伦贝尔市,牙克石市,1,2.0,18.9
2月,山东省,济宁市,邹城市,1,2.0,18.9
2月,江苏省,南京市,鼓楼区,1,2.0,18.9
2月,河北省,张家口市,涿鹿县,1,2.0,18.9
2月,河北省,承德市,兴隆县,1,2.0,18.9
2月,河南省,南阳市,南召县,1,2.0,18.9
2月,湖北省,襄阳市,襄州区,1,2.0,18.9
2月,贵州省,遵义市,正安县,1,2.0,18.9
2月,辽宁省,沈阳市,沈北新区,1,2.0,18.9
2月,辽宁省,鞍山市,铁西区,1,2.0,18.9
2月,黑龙江省,哈尔滨市,五常市,1,2.0,18.9
2月,黑龙江省,鸡西市,虎林市,1,2.0,18.9
2月,浙江省,台州市,黄岩区,1,3.0,18.753
2月,湖北省,荆州市,荆州区,1,3.0,18.753
2月,湖北省,随州市,广水市,1,3.0,18.753
2月,湖南省,衡阳市,祁东县,1,3.0,18.753
2月,福建省,漳州市,芗城区,1,3.0,18.753
2月,福建省,福州市,仓山区,1,3.0,18.753
2月,甘肃省,定西市,安定区,2,2.0,18.7463
2月,湖南省,衡阳市,石鼓区,2,2.0,18.244
2月,湖南省,长沙市,开福区,2,2.0,18.244
2月,福建省,泉州市,晋江市,2,2.0,18.244
2月,山东省,淄博市,周村区,1,3.0,18.1299
2月,海南省,省直辖县级行政区划,屯昌县,1,3.0,18.1299
2月,四川省,雅安市,汉源县,1,2.0,17.92
2月,云南省,红河哈尼族彝族自治州,弥勒市,1,3.0,17.8011
2月,山东省,东营市,广饶县,1,3.0,17.8011
2月,江西省,上饶市,鄱阳县,1,3.0,17.8011
2月,江西省,赣州市,会昌县,1,3.0,17.8011
2月,黑龙江省,双鸭山市,尖山区,1,3.0,17.8011
2月,江苏省,苏州市,虎丘区,2,2.0,17.7879
2月,湖北省,宜昌市,西陵区,2,2.0,17.3014
2月,内蒙古自治区,赤峰市,翁牛特旗,1,2.0,17.1204
2月,北京,北京市,通州区,1,2.0,17.1204
2月,四川省,成都市,青羊区,1,2.0,17.1204
2月,天津,天津市,红桥区,1,2.0,17.1204
2月,宁夏回族自治区,石嘴山市,大武口区,1,2.0,17.1204
2月,安徽省,六安市,金安区,1,2.0,17.1204
2月,安徽省,合肥市,蜀山区,1,2.0,17.1204
2月,山东省,潍坊市,寿光市,1,2.0,17.1204
2月,广东省,中山市,南朗镇,1,2.0,17.1204
2月,广东省,深圳市,光明区,1,2.0,17.1204
2月,广西壮族自治区,贺州市,钟山县,1,2.0,17.1204
2月,江苏省,南京市,栖霞区,1,2.0,17.1204
2月,河南省,周口市,项城市,1,2.0,17.1204
2月,河南省,驻马店市,新蔡县,1,2.0,17.1204
2月,海南省,省直辖县级行政区划,儋州市,1,2.0,17.1204
2月,湖南省,益阳市,赫山区,1,2.0,17.1204
2月,湖南省,长沙市,岳麓区,1,2.0,17.1204
2月,甘肃省,平凉市,华亭市,1,2.0,17.1204
2月,福建省,泉州市,惠安县,1,2.0,17.1204
2月,贵州省,黔东南苗族侗族自治州,岑巩县,1,2.0,17.1204
2月,上海,上海市,金山区,1,2.0,17.01
2月,广东省,佛山市,三水区,1,2.0,17.0014
2月,北京,北京市,大兴区,2,2.0,16.875700000000002
2月,天津,天津市,津南区,2,2.0,16.875700000000002
2月,山东省,青岛市,黄岛区,2,2.0,16.875700000000002
2月,山西省,吕梁市,交口县,1,3.0,16.6113
2月,广东省,中山市,西区街道,1,2.0,16.2676
2月,广东省,中山市,小榄镇,2,2.0,16.261
2月,山西省,太原市,小店区,2,2.0,15.9635
2月,河南省,郑州市,二七区,2,2.0,15.9635
2月,江苏省,苏州市,工业园区,1,2.0,15.9
2月,贵州省,黔东南苗族侗族自治州,黄平县,1,2.0,15.9
2月,江西省,上饶市,万年县,1,2.0,15.7984
2月,江西省,九江市,湖口县,1,2.0,15.4084
2月,湖南省,长沙市,雨花区,2,2.0,15.1439
2月,福建省,宁德市,福安市,1,2.0,15.1372
2月,湖北省,咸宁市,赤壁市,1,2.0,15.12
2月,山东省,菏泽市,牡丹区,2,2.0,14.9389
2月,安徽省,亳州市,利辛县,1,2.0,14.75
2月,河南省,郑州市,金水区,2,2.0,14.5952
2月,广东省,东莞市,虎门镇,1,2.0,14.5556
2月,河南省,郑州市,巩义市,1,2.0,14.18
2月,安徽省,宿州市,砀山县,2,2.0,14.1391
2月,吉林省,吉林市,船营区,1,2.0,13.8682
2月,广西壮族自治区,玉林市,玉州区,1,2.0,13.8152
2月,浙江省,杭州市,钱塘区,2,2.0,13.7822
2月,江苏省,徐州市,泉山区,1,2.0,13.6962
2月,江西省,九江市,德安县,1,2.0,13.6962
2月,江西省,鹰潭市,余江区,1,2.0,13.6962
2月,河北省,邢台市,宁晋县,1,2.0,13.6962
2月,甘肃省,兰州市,皋兰县,2,2.0,13.683
2月,河南省,许昌市,禹州市,1,3.0,13.6701
2月,江苏省,宿迁市,泗洪县,1,2.0,13.531
2月,浙江省,温州市,瓯海区,1,2.0,13.531
2月,辽宁省,沈阳市,于洪区,1,2.0,13.531
2月,湖南省,永州市,冷水滩区,1,2.0,13.3592
2月,河南省,南阳市,镇平县,1,2.0,13.3526
2月,安徽省,淮北市,濉溪县,1,2.0,13.1872
2月,浙江省,丽水市,莲都区,2,2.0,13.1117
2月,江西省,赣州市,兴国县,1,2.0,12.9
2月,四川省,达州市,大竹县,1,2.0,12.8436
2月,广东省,肇庆市,德庆县,1,2.0,12.8436
2月,江西省,抚州市,临川区,1,2.0,12.8436
2月,江西省,赣州市,于都县,1,2.0,12.8436
2月,安徽省,六安市,金寨县,1,3.0,12.6651
2月,湖南省,娄底市,娄星区,1,2.0,11.9842
2月,上海,上海市,徐汇区,1,1.0,10.9
2月,四川省,达州市,万源市,1,1.0,10.9
2月,安徽省,宣城市,郎溪县,1,1.0,10.9
2月,安徽省,淮南市,大通区,1,1.0,10.9
2月,山东省,淄博市,桓台县,1,1.0,10.9
2月,山东省,烟台市,莱州市,1,1.0,10.9
2月,山东省,青岛市,李沧区,1,1.0,10.9
2月,山东省,青岛市,胶州市,1,1.0,10.9
2月,山西省,太原市,万柏林区,1,1.0,10.9
2月,广东省,清远市,阳山县,1,1.0,10.9
2月,江苏省,南京市,建邺区,1,1.0,10.9
2月,江苏省,盐城市,建湖县,1,1.0,10.9
2月,江苏省,镇江市,扬中市,1,1.0,10.9
2月,江西省,九江市,瑞昌市,1,1.0,10.9
2月,江西省,宜春市,铜鼓县,1,1.0,10.9
2月,河北省,保定市,蠡县,1,1.0,10.9
2月,河北省,邢台市,南宫市,1,1.0,10.9
2月,河南省,周口市,淮阳区,1,1.0,10.9
2月,河南省,驻马店市,汝南县,1,1.0,10.9
2月,浙江省,宁波市,余姚市,1,1.0,10.9
2月,浙江省,宁波市,宁海县,1,1.0,10.9
2月,浙江省,宁波市,镇海区,1,1.0,10.9
2月,海南省,儋州市,白马井镇,1,1.0,10.9
2月,湖南省,常德市,武陵区,1,1.0,10.9
2月,湖南省,邵阳市,邵阳县,1,1.0,10.9
2月,辽宁省,大连市,大连开发区,1,1.0,10.9
2月,陕西省,宝鸡市,凤翔区,1,1.0,10.9
2月,陕西省,西安市,高陵区,1,1.0,10.9
2月,黑龙江省,哈尔滨市,宾县,1,1.0,10.9
2月,吉林省,长春市,经济技术开发区,1,1.0,10.36
2月,河北省,衡水市,深州市,1,1.0,10.36
2月,北京,北京市,朝阳区,1,1.0,9.81
2月,浙江省,杭州市,江干区,1,1.0,9.81
2月,广东省,东莞市,长安镇,1,1.0,9.6
2月,甘肃省,武威市,天祝藏族自治县,1,1.0,9.6
2月,江苏省,南通市,海安市,1,1.0,9.49
2月,河北省,石家庄市,无极县,1,1.0,9.27
2月,湖南省,娄底市,涟源市,1,1.0,9.27
2月,上海,上海市,奉贤区,1,1.0,9.122
2月,上海,上海市,杨浦区,1,1.0,9.122
2月,云南省,临沧市,临翔区,1,1.0,9.122
2月,云南省,大理白族自治州,云龙县,1,1.0,9.122
2月,内蒙古自治区,乌海市,海勃湾区,1,1.0,9.122
2月,内蒙古自治区,呼和浩特市,玉泉区,1,1.0,9.122
2月,北京,北京市,顺义区,1,1.0,9.122
2月,吉林省,长春市,农安县,1,1.0,9.122
2月,四川省,凉山彝族自治州,越西县,1,1.0,9.122
2月,四川省,宜宾市,翠屏区,1,1.0,9.122
2月,四川省,成都市,龙泉驿区,1,1.0,9.122
2月,四川省,眉山市,仁寿县,1,1.0,9.122
2月,安徽省,安庆市,宿松县,1,1.0,9.122
2月,安徽省,淮南市,田家庵区,1,1.0,9.122
2月,安徽省,芜湖市,其他区,1,1.0,9.122
2月,安徽省,蚌埠市,怀远县,1,1.0,9.122
2月,安徽省,阜阳市,颍泉区,1,1.0,9.122
2月,山东省,临沂市,莒南县,1,1.0,9.122
2月,山东省,济南市,市中区,1,1.0,9.122
2月,山东省,潍坊市,临朐县,1,1.0,9.122
2月,山东省,聊城市,东昌府区,1,1.0,9.122
2月,山东省,青岛市,城阳区,1,1.0,9.122
2月,山东省,青岛市,莱西市,1,1.0,9.122
2月,山西省,阳泉市,城区,1,1.0,9.122
2月,广东省,深圳市,龙华区,1,1.0,9.122
2月,广西壮族自治区,柳州市,柳北区,1,1.0,9.122
2月,广西壮族自治区,柳州市,鱼峰区,1,1.0,9.122
2月,广西壮族自治区,河池市,南丹县,1,1.0,9.122
2月,广西壮族自治区,百色市,平果市,1,1.0,9.122
2月,广西壮族自治区,贵港市,平南县,1,1.0,9.122
2月,江苏省,南通市,如东县,1,1.0,9.122
2月,江苏省,徐州市,贾汪区,1,1.0,9.122
2月,江苏省,盐城市,盐都区,1,1.0,9.122
2月,江西省,南昌市,新建区,1,1.0,9.122
2月,江西省,南昌市,青山湖区,1,1.0,9.122
2月,江西省,景德镇市,乐平市,1,1.0,9.122
2月,河北省,保定市,定兴县,1,1.0,9.122
2月,河北省,保定市,涞源县,1,1.0,9.122
2月,河北省,张家口市,怀来县,1,1.0,9.122
2月,河北省,石家庄市,行唐县,1,1.0,9.122
2月,河北省,邢台市,信都区,1,1.0,9.122
2月,河南省,漯河市,召陵区,1,1.0,9.122
2月,河南省,郑州市,新郑市,1,1.0,9.122
2月,浙江省,丽水市,缙云县,1,1.0,9.122
2月,浙江省,台州市,仙居县,1,1.0,9.122
2月,湖北省,仙桃,仙桃市,1,1.0,9.122
2月,湖北省,十堰市,郧阳区,1,1.0,9.122
2月,湖北省,武汉市,青山区,1,1.0,9.122
2月,甘肃省,兰州市,安宁区,1,1.0,9.122
2月,甘肃省,平凉市,崆峒区,1,1.0,9.122
2月,福建省,南平市,邵武市,1,1.0,9.122
2月,福建省,厦门市,湖里区,1,1.0,9.122
2月,福建省,福州市,台江区,1,1.0,9.122
2月,贵州省,安顺市,镇宁布依族苗族自治县,1,1.0,9.122
2月,贵州省,遵义市,汇川区,1,1.0,9.122
2月,贵州省,铜仁市,江口县,1,1.0,9.122
2月,贵州省,黔南布依族苗族自治州,独山县,1,1.0,9.122
2月,贵州省,黔西南布依族苗族自治州,兴义市,1,1.0,9.122
2月,辽宁省,大连市,普兰店区,1,1.0,9.122
2月,陕西省,宝鸡市,岐山县,1,1.0,9.122
2月,黑龙江省,伊春市,伊春区,1,1.0,9.122
2月,黑龙江省,佳木斯市,向阳区,1,1.0,9.122
2月,天津,天津市,东丽区,1,1.0,8.72
2月,安徽省,滁州市,南谯区,1,1.0,8.72
2月,山东省,泰安市,岱岳区,1,1.0,8.72
2月,广西壮族自治区,桂林市,兴安县,1,1.0,8.72
2月,江苏省,扬州市,宝应县,1,1.0,8.72
2月,河北省,唐山市,迁西县,1,1.0,8.72
2月,河北省,衡水市,饶阳县,1,1.0,8.72
2月,浙江省,嘉兴市,南湖区,1,1.0,8.72
2月,河南省,信阳市,息县,1,1.0,8.6659
2月,浙江省,绍兴市,越城区,1,1.0,8.6659
2月,江苏省,常州市,武进区,1,1.0,8.65
2月,山东省,济南市,莱芜区,1,1.0,8.62
2月,湖北省,荆州市,松滋市,1,1.0,8.58
2月,江苏省,徐州市,丰县,1,1.0,8.51
2月,湖北省,武汉市,新洲区,1,1.0,8.51
2月,湖北省,襄阳市,老河口市,1,1.0,8.461
2月,河南省,郑州市,荥阳市,1,1.0,8.3949
2月,福建省,莆田市,荔城区,1,1.0,8.3949
2月,北京,北京市,东城区,1,1.0,8.3024
2月,江苏省,常州市,金坛区,1,1.0,8.2098
2月,河北省,保定市,徐水区,1,1.0,8.2098
2月,福建省,泉州市,石狮市,1,1.0,8.2098
2月,北京,北京市,房山区,1,1.0,8.18
2月,江苏省,盐城市,大丰区,1,1.0,8.18
2月,浙江省,杭州市,拱墅区,1,1.0,8.18
2月,浙江省,金华市,磐安县,1,1.0,8.18
2月,湖南省,永州市,东安县,1,1.0,8.18
2月,江苏省,苏州市,相城区,1,1.0,8.0314
2月,陕西省,榆林市,榆阳区,1,1.0,7.9388
2月,宁夏回族自治区,银川市,金凤区,1,1.0,7.7537
2月,安徽省,安庆市,桐城市,1,1.0,7.7537
2月,安徽省,宣城市,广德市,1,1.0,7.7537
2月,安徽省,淮南市,凤台县,1,1.0,7.7537
2月,安徽省,滁州市,定远县,1,1.0,7.7537
2月,山东省,菏泽市,单县,1,1.0,7.7537
2月,广东省,东莞市,清溪镇,1,1.0,7.7537
2月,江苏省,南京市,六合区,1,1.0,7.7537
2月,江苏省,泰州市,姜堰区,1,1.0,7.7537
2月,河北省,邢台市,南和区,1,1.0,7.7537
2月,湖南省,邵阳市,大祥区,1,1.0,7.7537
2月,贵州省,毕节市,大方县,1,1.0,7.7537
2月,贵州省,贵阳市,花溪区,1,1.0,7.7537
2月,陕西省,西安市,莲湖区,1,1.0,7.7537
2月,河北省,衡水市,安平县,1,1.0,7.63
2月,福建省,三明市,清流县,1,1.0,7.63
2月,重庆,重庆市,大渡口区,1,1.0,7.63
2月,安徽省,宿州市,萧县,1,1.0,7.6083
2月,四川省,资阳市,安岳县,1,1.0,7.3902
2月,辽宁省,朝阳市,双塔区,1,1.0,7.3902
2月,安徽省,滁州市,凤阳县,1,1.0,7.2976
2月,山东省,烟台市,芝罘区,1,1.0,7.2976
2月,广东省,河源市,连平县,1,1.0,7.2976
2月,江苏省,南京市,高淳区,1,1.0,7.2976
2月,河北省,唐山市,路北区,1,1.0,7.2976
2月,河南省,南阳市,邓州市,1,1.0,7.2976
2月,河南省,洛阳市,涧西区,1,1.0,7.2976
2月,浙江省,温州市,龙湾区,1,1.0,7.2976
2月,湖北省,荆州市,监利市,1,1.0,7.2976
2月,福建省,莆田市,涵江区,1,1.0,7.2976
2月,辽宁省,大连市,中山区,1,1.0,7.2976
2月,陕西省,西安市,灞桥区,1,1.0,7.2976
2月,天津,天津市,河西区,1,1.0,7.2315
2月,吉林省,吉林市,丰满区,1,1.0,7.2117
2月,山东省,临沂市,河东区,1,1.0,7.2117
2月,山东省,临沂市,罗庄区,1,1.0,7.2117
2月,广东省,广州市,越秀区,1,1.0,7.2117
2月,广东省,揭阳市,东山区,1,1.0,7.2117
2月,河南省,驻马店市,西平县,1,1.0,7.2117
2月,浙江省,温州市,苍南县,1,1.0,7.2117
2月,山东省,济南市,历城区,1,1.0,7.139
2月,广东省,中山市,火炬开发区,1,1.0,7.139
2月,广东省,梅州市,兴宁市,1,1.0,7.139
2月,安徽省,马鞍山市,雨山区,1,1.0,7.1192
2月,湖南省,岳阳市,岳阳楼区,1,1.0,7.1192
2月,吉林省,四平市,梨树县,1,1.0,7.0266
2月,云南省,西双版纳傣族自治州,景洪市,1,1.0,6.8415
2月,吉林省,通化市,东昌区,1,1.0,6.8415
2月,四川省,成都市,温江区,1,1.0,6.8415
2月,安徽省,合肥市,肥西县,1,1.0,6.8415
2月,安徽省,安庆市,望江县,1,1.0,6.8415
2月,山东省,潍坊市,青州市,1,1.0,6.8415
2月,广东省,东莞市,麻涌镇,1,1.0,6.8415
2月,广东省,中山市,石岐区街道,1,1.0,6.8415
2月,广东省,广州市,增城区,1,1.0,6.8415
2月,广东省,汕尾市,陆丰市,1,1.0,6.8415
2月,江西省,上饶市,广信区,1,1.0,6.8415
2月,江西省,上饶市,弋阳县,1,1.0,6.8415
2月,江西省,抚州市,金溪县,1,1.0,6.8415
2月,河北省,廊坊市,文安县,1,1.0,6.8415
2月,河北省,承德市,宽城满族自治县,1,1.0,6.8415
2月,河南省,安阳市,殷都区,1,1.0,6.8415
2月,河南省,洛阳市,嵩县,1,1.0,6.8415
2月,湖北省,孝感市,孝南区,1,1.0,6.8415
2月,湖南省,衡阳市,衡东县,1,1.0,6.8415
2月,辽宁省,鞍山市,立山区,1,1.0,6.8415
2月,重庆,重庆市,南岸区,1,1.0,6.8415
2月,湖北省,黄冈市,红安县,1,1.0,6.3854
2月,辽宁省,沈阳市,浑南区,1,1.0,6.3854
2月,辽宁省,沈阳市,辽中区,1,1.0,6.3854
2月,广东省,东莞市,沙田镇,1,1.0,5.9
2月,广东省,广州市,荔湾区,1,1.0,5.9
2月,江苏省,无锡市,江阴市,1,1.0,5.8169
2月,河南省,驻马店市,驿城区,1,1.0,5.8169
2月,湖北省,黄石市,黄石港区,1,1.0,5.8169
2月,湖南省,娄底市,新化县,1,1.0,4.9
2月,河南省,南阳市,新野县,1,1.0,4.6139
2月,山西省,太原市,晋源区,1,1.0,4.5941
2月,广东省,汕头市,潮南区,1,1.0,3.27
2月,安徽省,芜湖市,弋江区,1,2.0,3.239
2月,吉林省,白城市,洮北区,1,1.0,0.9
2月,江西省,九江市,武宁县,1,1.0,0.9
2月,陕西省,安康市,汉滨区,1,1.0,0.9
3月,山东省,菏泽市,巨野县,17,255.0,1601.007
3月,广东省,东莞市,常平镇,7,208.0,1421.0157
3月,广东省,揭阳市,榕城区,2,201.0,1325.742
3月,浙江省,杭州市,萧山区,16,190.0,1325.4378
3月,浙江省,温州市,平阳县,7,140.0,937.6057000000001
3月,浙江省,宁波市,鄞州区,5,125.0,890.5699
3月,山东省,泰安市,新泰市,3,122.0,810.5634
3月,浙江省,金华市,义乌市,15,88.0,636.9096
3月,福建省,漳州市,龙海区,2,95.0,627.968
3月,上海,上海市,松江区,15,86.0,613.2411
3月,浙江省,宁波市,北仑区,6,86.0,612.6745
3月,陕西省,咸阳市,秦都区,4,83.0,595.0219999999999
3月,海南省,省直辖县级行政区划,澄迈县,7,83.0,593.376
3月,浙江省,温州市,文成县,2,84.0,592.55
3月,湖北省,咸宁市,赤壁市,3,82.0,587.0712
3月,江西省,南昌市,进贤县,2,81.0,575.4019999999999
3月,福建省,南平市,武夷山市,2,80.0,572.0
3月,贵州省,毕节市,黔西市,1,80.0,566.28
3月,黑龙江省,牡丹江市,宁安市,1,80.0,566.28
3月,海南省,海口市,龙华区,5,77.0,554.1947
3月,辽宁省,沈阳市,于洪区,2,81.0,546.1479999999999
3月,湖北省,孝感市,汉川市,4,82.0,527.61
3月,贵州省,贵阳市,观山湖区,4,74.0,521.1764000000001
3月,海南省,海口市,秀英区,3,82.0,511.394
3月,浙江省,宁波市,慈溪市,13,72.0,509.6789
3月,福建省,宁德市,霞浦县,2,80.0,503.36
3月,江苏省,扬州市,宝应县,3,74.0,498.61
3月,浙江省,温州市,瑞安市,7,77.0,498.5275
3月,河南省,郑州市,二七区,1,80.0,498.328
3月,安徽省,阜阳市,颍东区,2,80.0,491.92
3月,江苏省,徐州市,丰县,1,80.0,486.28
3月,上海,上海市,浦东新区,20,63.0,478.32719999999995
3月,江苏省,常州市,武进区,9,67.0,476.56
3月,山东省,威海市,环翠区,15,61.0,469.684
3月,上海,上海市,嘉定区,7,61.0,442.7603
3月,浙江省,绍兴市,柯桥区,4,60.0,433.42629999999997
3月,浙江省,杭州市,余杭区,8,55.0,416.67589999999996
3月,江苏省,苏州市,张家港市,6,60.0,404.9564
3月,海南省,省直辖县级行政区划,乐东黎族自治县,2,55.0,392.9995
3月,广东省,深圳市,宝安区,11,59.0,392.8648
3月,江西省,吉安市,永新县,2,55.0,391.0
3月,海南省,省直辖县级行政区划,临高县,3,56.0,387.522
3月,上海,上海市,青浦区,10,53.0,380.34110000000004
3月,广东省,汕头市,澄海区,3,51.0,371.1905
3月,浙江省,杭州市,上城区,6,51.0,366.7558
3月,浙江省,温州市,泰顺县,3,56.0,355.80150000000003
3月,江苏省,南京市,江宁区,7,47.0,350.108
3月,山东省,聊城市,东昌府区,6,47.0,326.99580000000003
3月,浙江省,金华市,武义县,3,45.0,326.92
3月,江苏省,南通市,海门区,3,44.0,321.91999999999996
3月,江苏省,宿迁市,沭阳县,3,44.0,316.0389
3月,安徽省,滁州市,天长市,4,47.0,315.0705
3月,辽宁省,沈阳市,沈北新区,3,43.0,312.2424
3月,广东省,广州市,南沙区,2,43.0,310.9
3月,福建省,莆田市,仙游县,3,44.0,309.7999
3月,安徽省,宿州市,灵璧县,2,43.0,306.7201
3月,广东省,佛山市,禅城区,3,42.0,303.632
3月,浙江省,温州市,永嘉县,3,42.0,301.5537
3月,广东省,东莞市,厚街镇,4,44.0,299.922
3月,云南省,西双版纳傣族自治州,景洪市,2,41.0,296.9
3月,江苏省,苏州市,相城区,2,41.0,296.9
3月,浙江省,宁波市,奉化区,2,41.0,295.122
3月,江西省,上饶市,广丰区,2,41.0,293.7537
3月,浙江省,丽水市,缙云县,2,41.0,293.7537
3月,江西省,景德镇市,乐平市,2,42.0,289.12
3月,内蒙古自治区,呼和浩特市,土默特左旗,1,40.0,286.0
3月,山西省,晋中市,榆次区,1,40.0,286.0
3月,江西省,赣州市,石城县,1,40.0,286.0
3月,浙江省,丽水市,莲都区,1,40.0,286.0
3月,浙江省,绍兴市,新昌县,1,40.0,286.0
3月,湖北省,宜昌市,猇亭区,1,40.0,286.0
3月,湖北省,省直辖县级行政区划,天门市,1,40.0,286.0
3月,湖北省,鄂州市,鄂城区,1,40.0,286.0
3月,湖南省,株洲市,芦淞区,1,40.0,286.0
3月,甘肃省,嘉峪关市,嘉峪关市,1,40.0,286.0
3月,贵州省,毕节市,七星关区,1,40.0,286.0
3月,贵州省,黔东南苗族侗族自治州,凯里市,1,40.0,286.0
3月,贵州省,黔南布依族苗族自治州,福泉市,1,40.0,286.0
3月,重庆,重庆市,其他区,1,40.0,286.0
3月,广东省,东莞市,大岭山镇,2,41.0,285.434
3月,江苏省,盐城市,大丰区,2,43.0,285.4301
3月,江西省,抚州市,宜黄县,1,40.0,284.0
3月,安徽省,芜湖市,三山区,1,40.0,283.0
3月,江西省,萍乡市,莲花县,2,43.0,281.13059999999996
3月,浙江省,台州市,临海市,2,41.0,279.88
3月,海南省,乐东黎族自治县,抱由镇,1,40.0,279.0
3月,江苏省,盐城市,亭湖区,3,43.0,276.672
3月,浙江省,台州市,路桥区,3,42.0,275.59759999999994
3月,北京,北京市,昌平区,3,42.0,274.4237
3月,海南省,省直辖县级行政区划,万宁市,2,41.0,274.02
3月,江苏省,扬州市,江都区,4,43.0,273.9517
3月,湖南省,长沙市,岳麓区,2,41.0,271.8169
3月,云南省,西双版纳傣族自治州,勐腊县,1,40.0,271.7
3月,江苏省,南通市,海安市,1,40.0,271.7
3月,湖南省,株洲市,荷塘区,1,40.0,271.7
3月,吉林省,吉林市,丰满区,1,40.0,268.84
3月,湖南省,张家界市,慈利县,1,40.0,268.84
3月,云南省,昆明市,五华区,2,41.0,266.12
3月,河南省,商丘市,夏邑县,1,40.0,266.0
3月,江苏省,淮安市,涟水县,1,40.0,265.98
3月,山东省,济宁市,泗水县,1,40.0,257.4
3月,广西壮族自治区,柳州市,柳江区,1,40.0,257.4
3月,湖南省,湘潭市,岳塘区,1,40.0,257.4
3月,湖南省,衡阳市,耒阳市,1,40.0,257.4
3月,安徽省,阜阳市,颍上县,1,40.0,254.54
3月,河北省,唐山市,玉田县,1,40.0,254.54
3月,河南省,信阳市,固始县,1,40.0,254.54
3月,浙江省,台州市,天台县,1,40.0,254.54
3月,江苏省,无锡市,江阴市,2,41.0,253.07920000000001
3月,河北省,保定市,定州市,1,40.0,251.68
3月,浙江省,温州市,苍南县,1,40.0,251.68
3月,浙江省,台州市,黄岩区,4,34.0,251.0194
3月,湖北省,荆州市,监利市,1,40.0,248.82
3月,湖南省,娄底市,新化县,1,40.0,245.96
3月,山东省,济南市,长清区,1,40.0,243.1
3月,山西省,太原市,晋源区,1,40.0,243.1
3月,湖南省,岳阳市,汨罗市,1,40.0,243.1
3月,江苏省,连云港市,东海县,1,40.0,240.96
3月,福建省,福州市,长乐区,4,35.0,234.49949999999998
3月,安徽省,宣城市,宣州区,2,30.0,219.999
3月,海南省,白沙黎族自治县,邦溪镇,2,30.0,219.999
3月,浙江省,丽水市,龙泉市,4,34.0,219.84109999999998
3月,广东省,潮州市,潮安区,4,34.0,210.3363
3月,江苏省,常州市,钟楼区,4,34.0,208.5521
3月,江苏省,盐城市,响水县,2,30.0,204.999
3月,江苏省,徐州市,邳州市,2,30.0,195.999
3月,海南省,海口市,琼山区,4,24.0,191.7757
3月,广东省,深圳市,龙岗区,16,23.0,186.4386
3月,江西省,南昌市,西湖区,2,30.0,182.4
3月,山东省,烟台市,福山区,14,21.0,179.9817
3月,陕西省,咸阳市,渭城区,6,23.0,178.5251
3月,广东省,佛山市,三水区,9,21.0,175.3072
3月,江苏省,苏州市,昆山市,14,21.0,170.8619
3月,广东省,广州市,海珠区,6,22.0,167.5553
3月,浙江省,台州市,温岭市,6,21.0,167.0015
3月,北京,北京市,朝阳区,8,24.0,166.7593
3月,浙江省,温州市,乐清市,4,23.0,166.2295
3月,北京,北京市,海淀区,6,21.0,164.3875
3月,广东省,佛山市,南海区,11,19.0,158.4001
3月,黑龙江省,齐齐哈尔市,拜泉县,2,21.0,155.0
3月,广东省,广州市,增城区,6,20.0,154.0625
3月,安徽省,阜阳市,临泉县,3,22.0,153.739
3月,安徽省,淮南市,凤台县,3,21.0,152.0671
3月,浙江省,金华市,永康市,5,21.0,149.997
3月,安徽省,宣城市,广德市,4,23.0,148.7412
3月,湖北省,黄冈市,武穴市,4,22.0,148.6529
3月,江苏省,无锡市,新吴区,4,19.0,147.1419
3月,辽宁省,锦州市,太和区,1,20.0,147.0
3月,浙江省,嘉兴市,嘉善县,4,19.0,146.1435
3月,广东省,东莞市,塘厦镇,3,19.0,145.0214
3月,陕西省,西安市,未央区,6,20.0,144.9697
3月,浙江省,湖州市,安吉县,3,19.0,144.56529999999998
3月,浙江省,杭州市,拱墅区,7,21.0,141.6441
3月,江苏省,淮安市,淮安区,2,19.0,140.8995
3月,海南省,省直辖县级行政区划,定安县,3,19.0,140.3296
3月,山东省,青岛市,市北区,4,18.0,136.0215
3月,江西省,吉安市,新干县,2,18.0,135.89939999999999
3月,浙江省,金华市,磐安县,2,18.0,133.7301
3月,浙江省,温州市,瓯海区,3,19.0,133.5304
3月,安徽省,滁州市,凤阳县,3,20.0,130.649
3月,上海,上海市,崇明区,2,17.0,128.8995
3月,浙江省,杭州市,临安区,2,18.0,128.508
3月,江苏省,泰州市,靖江市,5,19.0,126.0396
3月,浙江省,金华市,金东区,3,18.0,124.7995
3月,重庆,重庆市,万州区,2,16.0,120.8995
3月,广东省,广州市,白云区,11,16.0,120.2389
3月,浙江省,温州市,龙港市,3,18.0,119.1927
3月,江苏省,宿迁市,泗洪县,2,16.0,119.1215
3月,福建省,福州市,闽侯县,2,16.0,119.1215
3月,广西壮族自治区,玉林市,玉州区,2,18.0,118.7301
3月,湖北省,武汉市,新洲区,2,16.0,117.5748
3月,安徽省,淮南市,田家庵区,2,16.0,117.1385
3月,山东省,菏泽市,牡丹区,2,16.0,115.8995
3月,辽宁省,铁岭市,调兵山市,2,16.0,115.2695
3月,广西壮族自治区,南宁市,西乡塘区,3,18.0,114.1932
3月,甘肃省,武威市,凉州区,2,16.0,112.7537
3月,湖南省,常德市,桃源县,2,17.0,110.2005
3月,内蒙古自治区,乌海市,海南区,1,15.0,109.9995
3月,天津,天津市,滨海新区,1,15.0,109.9995
3月,宁夏回族自治区,中卫市,沙坡头区,1,15.0,109.9995
3月,安徽省,淮南市,寿县,1,15.0,109.9995
3月,安徽省,马鞍山市,花山区,1,15.0,109.9995
3月,山东省,枣庄市,峄城区,1,15.0,109.9995
3月,山东省,枣庄市,滕州市,1,15.0,109.9995
3月,山东省,潍坊市,寒亭区,1,15.0,109.9995
3月,山西省,临汾市,洪洞县,1,15.0,109.9995
3月,广西壮族自治区,桂林市,平乐县,1,15.0,109.9995
3月,江西省,吉安市,遂川县,1,15.0,109.9995
3月,江西省,宜春市,万载县,1,15.0,109.9995
3月,江西省,宜春市,上高县,1,15.0,109.9995
3月,河南省,南阳市,邓州市,1,15.0,109.9995
3月,河南省,周口市,郸城县,1,15.0,109.9995
3月,海南省,琼海市,长坡镇,1,15.0,109.9995
3月,海南省,省直辖县级行政区划,屯昌县,1,15.0,109.9995
3月,湖北省,荆州市,松滋市,1,15.0,109.9995
3月,湖南省,衡阳市,衡山县,1,15.0,109.9995
3月,甘肃省,酒泉市,敦煌市,1,15.0,109.9995
3月,福建省,泉州市,安溪县,1,15.0,109.9995
3月,贵州省,黔东南苗族侗族自治州,黄平县,1,15.0,109.9995
3月,辽宁省,阜新市,阜新蒙古族自治县,1,15.0,109.9995
3月,青海省,海东市,民和回族土族自治县,1,15.0,109.9995
3月,湖南省,长沙市,长沙县,2,17.0,108.9
3月,上海,上海市,宝山区,10,12.0,108.59609999999999
3月,陕西省,咸阳市,兴平市,1,15.0,106.9995
3月,陕西省,西安市,灞桥区,1,15.0,106.9995
3月,江西省,南昌市,青云谱区,1,15.0,106.0005
3月,广东省,佛山市,顺德区,8,12.0,105.799
3月,安徽省,芜湖市,南陵县,1,15.0,104.5005
3月,甘肃省,酒泉市,肃州区,1,15.0,104.5005
3月,江西省,九江市,浔阳区,2,16.0,104.1215
3月,福建省,泉州市,南安市,2,16.0,104.1215
3月,福建省,福州市,平潭县,1,15.0,103.3995
3月,江苏省,南京市,六合区,2,16.0,103.2093
3月,江西省,南昌市,青山湖区,8,12.0,102.77
3月,浙江省,湖州市,德清县,2,16.0,102.6215
3月,河南省,洛阳市,汝阳县,1,15.0,100.0005
3月,安徽省,宿州市,萧县,2,15.0,99.1905
3月,安徽省,合肥市,包河区,5,11.0,95.7321
3月,吉林省,白山市,浑江区,1,15.0,94.9995
3月,江苏省,南通市,如皋市,1,15.0,94.9995
3月,江西省,南昌市,新建区,1,15.0,94.9995
3月,浙江省,绍兴市,绍兴县,1,15.0,94.9995
3月,湖南省,湘潭市,雨湖区,1,15.0,94.9995
3月,黑龙江省,哈尔滨市,尚志市,1,15.0,94.9995
3月,浙江省,嘉兴市,海盐县,5,13.0,94.2519
3月,江西省,新余市,渝水区,2,16.0,90.9
3月,江苏省,徐州市,铜山区,1,15.0,90.0
3月,湖南省,株洲市,茶陵县,1,15.0,90.0
3月,福建省,宁德市,蕉城区,1,15.0,90.0
3月,辽宁省,抚顺市,望花区,1,15.0,90.0
3月,黑龙江省,哈尔滨市,双城区,1,15.0,88.0005
3月,浙江省,杭州市,西湖区,4,10.0,84.2999
3月,江苏省,苏州市,吴江区,5,9.0,83.722
3月,上海,上海市,静安区,5,9.0,81.7219
3月,内蒙古自治区,呼伦贝尔市,鄂伦春自治旗,2,11.0,81.5004
3月,上海,上海市,闵行区,7,10.0,81.4068
3月,浙江省,金华市,东阳市,8,10.0,80.487
3月,广东省,广州市,黄埔区,7,9.0,79.1179
3月,浙江省,嘉兴市,秀洲区,4,9.0,76.82039999999999
3月,江苏省,盐城市,阜宁县,2,11.0,74.8599
3月,广西壮族自治区,南宁市,江南区,5,11.0,72.9663
3月,安徽省,亳州市,谯城区,6,10.0,71.5486
3月,江苏省,泰州市,海陵区,2,9.0,70.3124
3月,江苏省,盐城市,建湖县,4,9.0,69.39609999999999
3月,广东省,深圳市,福田区,4,8.0,69.3407
3月,江苏省,无锡市,梁溪区,4,8.0,68.3395
3月,广东省,惠州市,惠城区,4,9.0,67.7264
3月,上海,上海市,金山区,6,8.0,65.3229
3月,湖北省,襄阳市,樊城区,3,8.0,64.76769999999999
3月,广东省,东莞市,虎门镇,5,8.0,62.2211
3月,浙江省,宁波市,海曙区,3,7.0,61.922
3月,福建省,莆田市,荔城区,3,7.0,61.922
3月,湖南省,怀化市,溆浦县,3,9.0,61.2522
3月,山东省,烟台市,龙口市,1,8.0,61.1904
3月,辽宁省,沈阳市,大东区,4,8.0,59.744
3月,甘肃省,兰州市,城关区,5,6.0,58.943999999999996
3月,贵州省,贵阳市,南明区,3,7.0,57.92829999999999
3月,陕西省,西安市,高陵区,4,7.0,56.248599999999996
3月,浙江省,宁波市,余姚市,4,6.0,54.266099999999994
3月,福建省,福州市,仓山区,3,6.0,52.969899999999996
3月,广东省,珠海市,香洲区,4,6.0,52.821999999999996
3月,云南省,昆明市,呈贡区,2,6.0,51.8
3月,山东省,青岛市,城阳区,4,6.0,51.3619
3月,陕西省,榆林市,绥德县,1,6.0,51.2898
3月,北京,北京市,大兴区,4,6.0,50.8718
3月,广西壮族自治区,南宁市,良庆区,4,7.0,50.713899999999995
3月,上海,上海市,徐汇区,4,6.0,50.4041
3月,湖北省,恩施土家族苗族自治州,恩施市,2,6.0,50.022
3月,辽宁省,锦州市,凌河区,2,6.0,50.022
3月,江西省,赣州市,全南县,2,7.0,49.3702
3月,浙江省,嘉兴市,平湖市,3,6.0,48.7526
3月,山东省,潍坊市,高新区,2,6.0,46.790099999999995
3月,上海,上海市,奉贤区,4,5.0,46.266
3月,福建省,泉州市,晋江市,3,5.0,45.921899999999994
3月,湖南省,长沙市,芙蓉区,4,5.0,45.8624
3月,广东省,广州市,花都区,5,5.0,45.717600000000004
3月,北京,北京市,通州区,3,5.0,44.9126
3月,广东省,东莞市,大朗镇,3,6.0,44.144
3月,安徽省,合肥市,长丰县,3,5.0,44.1439
3月,广东省,深圳市,龙华区,3,5.0,43.7526
3月,广东省,东莞市,黄江镇,4,5.0,43.0733
3月,江苏省,苏州市,工业园区,5,5.0,42.4335
3月,浙江省,绍兴市,上虞区,2,5.0,41.7962
3月,江苏省,苏州市,虎丘区,3,5.0,41.5221
3月,江苏省,扬州市,邗江区,2,5.0,41.3083
3月,安徽省,蚌埠市,蚌山区,1,6.0,41.04
3月,云南省,德宏傣族景颇族自治州,盈江县,1,5.0,40.9
3月,湖南省,长沙市,望城区,3,5.0,40.606300000000005
3月,山东省,济宁市,任城区,2,5.0,39.8397
3月,广东省,东莞市,东城区,2,5.0,39.5961
3月,江苏省,苏州市,吴中区,4,4.0,38.9534
3月,江苏省,无锡市,惠山区,4,4.0,38.1867
3月,浙江省,温州市,鹿城区,4,5.0,38.126599999999996
3月,江苏省,南京市,浦口区,4,4.0,37.7635
3月,湖北省,武汉市,江岸区,3,5.0,37.2035
3月,安徽省,阜阳市,颍州区,3,4.0,37.142399999999995
3月,四川省,成都市,金牛区,3,4.0,36.7404
3月,广东省,广州市,番禺区,4,4.0,36.559200000000004
3月,河南省,南阳市,卧龙区,2,5.0,36.53
3月,江苏省,南京市,栖霞区,3,7.0,36.4537
3月,河北省,沧州市,黄骅市,2,4.0,36.2599
3月,广东省,珠海市,金湾区,3,4.0,35.922
3月,山西省,太原市,万柏林区,4,4.0,35.769999999999996
3月,辽宁省,丹东市,振兴区,3,5.0,35.0701
3月,浙江省,湖州市,吴兴区,3,5.0,35.0565
3月,山东省,济南市,历城区,2,4.0,35.0219
3月,江苏省,连云港市,灌南县,2,4.0,35.0219
3月,广东省,深圳市,坪山区,2,4.0,34.6306
3月,安徽省,合肥市,蜀山区,4,4.0,34.5874
3月,陕西省,西安市,长安区,3,4.0,34.4058
3月,安徽省,蚌埠市,龙子湖区,2,5.0,34.3029
3月,福建省,泉州市,惠安县,2,5.0,33.842
3月,海南省,三亚市,吉阳区,2,4.0,33.6536
3月,河北省,保定市,竞秀区,2,4.0,33.64
3月,湖北省,荆州市,公安县,2,4.0,32.92
3月,辽宁省,鞍山市,岫岩满族自治县,2,4.0,32.912
3月,四川省,成都市,武侯区,2,4.0,32.852599999999995
3月,江苏省,淮安市,清江浦区,3,4.0,32.4692
3月,河南省,许昌市,魏都区,2,4.0,32.3965
3月,江苏省,苏州市,太仓市,3,4.0,31.4313
3月,江苏省,徐州市,鼓楼区,3,3.0,30.922
3月,江西省,萍乡市,安源区,1,4.0,30.9
3月,河北省,廊坊市,三河市,1,4.0,30.9
3月,河南省,开封市,杞县,1,4.0,30.9
3月,湖南省,永州市,东安县,1,4.0,30.9
3月,陕西省,西安市,新城区,1,4.0,30.9
3月,广东省,东莞市,寮步镇,3,4.0,30.7757
3月,山东省,青岛市,胶州市,3,4.0,30.6176
3月,湖北省,孝感市,孝南区,2,4.0,30.4796
3月,四川省,成都市,双流区,2,4.0,29.8421
3月,湖北省,省直辖县级行政区划,潜江市,2,4.0,29.8421
3月,山东省,临沂市,兰山区,3,3.0,29.831400000000002
3月,湖北省,宜昌市,当阳市,3,4.0,29.622899999999998
3月,北京,北京市,东城区,3,3.0,29.5537
3月,山东省,淄博市,临淄区,1,4.0,29.36
3月,浙江省,丽水市,庆元县,1,4.0,29.36
3月,浙江省,金华市,婺城区,1,4.0,29.36
3月,湖南省,永州市,江华瑶族自治县,1,4.0,29.36
3月,江西省,赣州市,章贡区,2,4.0,29.2961
3月,北京,北京市,丰台区,3,3.0,29.144
3月,安徽省,合肥市,高新技术开发区,3,3.0,29.144
3月,江苏省,南通市,崇川区,3,3.0,29.144
3月,江苏省,镇江市,京口区,3,3.0,28.9192
3月,上海,上海市,普陀区,2,3.0,28.799999999999997
3月,吉林省,长春市,南关区,1,4.0,28.43
3月,山东省,临沂市,罗庄区,3,3.0,28.143700000000003
3月,江苏省,苏州市,常熟市,3,3.0,28.0534
3月,安徽省,合肥市,巢湖市,2,3.0,28.022
3月,上海,上海市,黄浦区,2,3.0,28.020400000000002
3月,江苏省,连云港市,海州区,2,3.0,28.020400000000002
3月,浙江省,绍兴市,诸暨市,2,3.0,28.020400000000002
3月,安徽省,芜湖市,繁昌区,1,4.0,27.81
3月,河北省,省直辖县级行政区划,定州市,1,4.0,27.81
3月,浙江省,嘉兴市,桐乡市,3,3.0,27.4757
3月,辽宁省,本溪市,明山区,1,3.0,27.0951
3月,福建省,福州市,晋安区,3,3.0,26.964
3月,内蒙古自治区,兴安盟,科尔沁右翼前旗,1,3.0,26.9001
3月,河南省,鹤壁市,山城区,1,3.0,26.9001
3月,贵州省,贵阳市,云岩区,1,3.0,26.9001
3月,辽宁省,葫芦岛市,龙港区,1,3.0,26.9001
3月,浙江省,湖州市,南浔区,2,3.0,26.8
3月,海南省,省直辖县级行政区划,五指山市,2,3.0,26.6537
3月,重庆,重庆市,长寿区,2,3.0,26.6537
3月,湖北省,武汉市,硚口区,2,4.0,26.5426
3月,云南省,昭通市,昭阳区,1,3.0,25.8999
3月,四川省,内江市,东兴区,1,3.0,25.8999
3月,四川省,成都市,温江区,1,3.0,25.8999
3月,安徽省,合肥市,庐阳区,1,3.0,25.8999
3月,安徽省,滁州市,来安县,1,3.0,25.8999
3月,安徽省,芜湖市,镜湖区,1,3.0,25.8999
3月,广东省,中山市,古镇镇,1,3.0,25.8999
3月,河北省,石家庄市,桥西区,1,3.0,25.8999
3月,浙江省,湖州市,长兴县,1,3.0,25.8999
3月,浙江省,衢州市,柯城区,1,3.0,25.8999
3月,湖南省,怀化市,辰溪县,1,3.0,25.8999
3月,陕西省,西安市,鄠邑区,1,3.0,25.8999
3月,湖北省,黄冈市,黄州区,3,3.0,25.0194
3月,广东省,江门市,新会区,2,4.0,24.919999999999998
3月,广东省,东莞市,沙田镇,1,3.0,24.9
3月,福建省,泉州市,石狮市,2,3.0,24.8741
3月,广东省,潮州市,饶平县,2,4.0,24.8211
3月,江西省,宜春市,丰城市,2,3.0,24.762700000000002
3月,安徽省,合肥市,肥西县,3,3.0,24.6294
3月,湖北省,省直辖县级行政区划,仙桃市,3,3.0,24.451
3月,河北省,石家庄市,长安区,3,3.0,24.404700000000002
3月,山东省,菏泽市,定陶区,2,3.0,24.3519
3月,安徽省,滁州市,南谯区,2,3.0,23.8759
3月,内蒙古自治区,兴安盟,扎赉特旗,1,3.0,23.7306
3月,广东省,东莞市,南城区,1,3.0,23.7306
3月,广东省,中山市,沙溪镇,1,3.0,23.7306
3月,福建省,漳州市,漳浦县,1,3.0,23.7306
3月,陕西省,咸阳市,旬邑县,1,3.0,23.7306
3月,吉林省,通化市,通化县,1,3.0,23.31
3月,江苏省,徐州市,沛县,1,3.0,23.31
3月,安徽省,安庆市,宜秀区,1,3.0,22.5474
3月,贵州省,遵义市,湄潭县,2,3.0,22.4812
3月,江西省,吉安市,万安县,2,3.0,22.474600000000002
3月,湖南省,郴州市,北湖区,2,2.0,21.8
3月,辽宁省,沈阳市,铁西区,2,2.0,21.8
3月,河南省,信阳市,淮滨县,1,3.0,21.7599
3月,湖南省,张家界市,永定区,1,2.0,21.59
3月,贵州省,黔南布依族苗族自治州,瓮安县,1,2.0,21.59
3月,吉林省,长春市,绿园区,2,3.0,21.2592
3月,湖南省,常德市,鼎城区,2,2.0,21.21
3月,湖北省,黄石市,西塞山区,2,3.0,20.8352
3月,四川省,宜宾市,翠屏区,1,3.0,20.7201
3月,江苏省,南京市,雨花台区,1,3.0,20.7201
3月,河北省,邢台市,隆尧县,1,3.0,20.7201
3月,福建省,漳州市,云霄县,1,3.0,20.7201
3月,湖北省,十堰市,张湾区,2,3.0,20.6568
3月,安徽省,马鞍山市,当涂县,1,3.0,20.5101
3月,辽宁省,大连市,长海县,1,3.0,20.4174
3月,河南省,漯河市,舞阳县,1,3.0,20.37
3月,广东省,揭阳市,普宁市,2,2.0,20.25
3月,黑龙江省,哈尔滨市,呼兰区,1,3.0,20.1741
3月,天津,天津市,红桥区,2,2.0,20.17
3月,云南省,德宏傣族景颇族自治州,瑞丽市,2,2.0,20.022
3月,云南省,昆明市,官渡区,2,2.0,20.022
3月,广东省,深圳市,光明区,2,2.0,20.022
3月,浙江省,衢州市,江山市,2,2.0,20.022
3月,湖北省,武汉市,江夏区,2,2.0,20.022
3月,甘肃省,兰州市,西固区,2,2.0,20.022
3月,湖南省,长沙市,雨花区,2,2.0,19.722
3月,江苏省,连云港市,赣榆区,2,2.0,19.62
3月,天津,天津市,北辰区,2,4.0,19.584300000000002
3月,黑龙江省,哈尔滨市,道里区,2,3.0,19.5
3月,安徽省,蚌埠市,五河县,1,3.0,19.4301
3月,江西省,九江市,武宁县,1,3.0,19.4301
3月,安徽省,淮南市,潘集区,2,2.0,19.361
3月,湖南省,长沙市,开福区,2,2.0,19.08
3月,广西壮族自治区,桂林市,灵川县,1,3.0,18.9843
3月,浙江省,丽水市,青田县,2,2.0,18.9314
3月,陕西省,西安市,碑林区,2,2.0,18.9314
3月,云南省,大理白族自治州,宾川县,1,2.0,18.9
3月,内蒙古自治区,鄂尔多斯市,乌审旗,1,2.0,18.9
3月,吉林省,松原市,前郭尔罗斯蒙古族自治县,1,2.0,18.9
3月,四川省,内江市,威远县,1,2.0,18.9
3月,天津,天津市,宝坻区,1,2.0,18.9
3月,山东省,德州市,德城区,1,2.0,18.9
3月,山西省,运城市,垣曲县,1,2.0,18.9
3月,山西省,长治市,潞州区,1,2.0,18.9
3月,广东省,江门市,开平市,1,2.0,18.9
3月,广东省,肇庆市,高要区,1,2.0,18.9
3月,江苏省,南京市,秦淮区,1,2.0,18.9
3月,江西省,南昌市,南昌县,1,2.0,18.9
3月,河南省,郑州市,荥阳市,1,2.0,18.9
3月,浙江省,舟山市,定海区,1,2.0,18.9
3月,湖北省,荆州市,洪湖市,1,2.0,18.9
3月,福建省,莆田市,城厢区,1,2.0,18.9
3月,贵州省,黔南布依族苗族自治州,都匀市,1,2.0,18.9
3月,黑龙江省,哈尔滨市,松北区,1,2.0,18.9
3月,湖北省,荆门市,钟祥市,1,3.0,18.6801
3月,北京,北京市,顺义区,2,2.0,18.6537
3月,山东省,济宁市,邹城市,2,2.0,18.6537
3月,江苏省,常州市,新北区,2,2.0,18.6537
3月,江苏省,苏州市,姑苏区,2,2.0,18.6537
3月,江西省,景德镇市,珠山区,2,2.0,18.6537
3月,湖北省,荆州市,沙市区,2,2.0,18.6537
3月,云南省,红河哈尼族彝族自治州,弥勒市,1,3.0,18.5151
3月,山西省,太原市,小店区,2,2.0,18.392
3月,安徽省,宣城市,郎溪县,2,2.0,18.244
3月,江苏省,南通市,启东市,2,2.0,18.244
3月,浙江省,嘉兴市,海宁市,2,2.0,18.244
3月,浙江省,杭州市,钱塘区,2,2.0,18.244
3月,海南省,海口市,美兰区,2,2.0,18.244
3月,广东省,东莞市,长安镇,2,2.0,18.1976
3月,浙江省,台州市,玉环市,2,2.0,18.1976
3月,陕西省,西安市,雁塔区,2,2.0,18.1976
3月,江西省,九江市,永修县,1,3.0,18.1299
3月,江西省,九江市,湖口县,1,3.0,18.1299
3月,江西省,赣州市,赣县区,1,3.0,18.1299
3月,陕西省,汉中市,西乡县,1,3.0,18.1299
3月,江苏省,常州市,溧阳市,2,2.0,18.039
3月,山西省,阳泉市,郊区,1,3.0,17.8011
3月,浙江省,杭州市,桐庐县,2,2.0,17.3318
3月,浙江省,嘉兴市,南湖区,2,2.0,17.2854
3月,上海,上海市,杨浦区,2,2.0,17.153399999999998
3月,内蒙古自治区,鄂尔多斯市,达拉特旗,1,2.0,17.1204
3月,四川省,南充市,南部县,1,2.0,17.1204
3月,安徽省,亳州市,涡阳县,1,2.0,17.1204
3月,安徽省,池州市,东至县,1,2.0,17.1204
3月,山东省,烟台市,开发区,1,2.0,17.1204
3月,山东省,烟台市,芝罘区,1,2.0,17.1204
3月,广西壮族自治区,柳州市,融水苗族自治县,1,2.0,17.1204
3月,广西壮族自治区,百色市,平果市,1,2.0,17.1204
3月,江苏省,镇江市,丹徒区,1,2.0,17.1204
3月,河南省,商丘市,柘城县,1,2.0,17.1204
3月,河南省,漯河市,郾城区,1,2.0,17.1204
3月,河南省,濮阳市,华龙区,1,2.0,17.1204
3月,浙江省,杭州市,下城区,1,2.0,17.1204
3月,湖南省,湘西土家族苗族自治州,吉首市,1,2.0,17.1204
3月,湖南省,邵阳市,隆回县,1,2.0,17.1204
3月,辽宁省,丹东市,东港市,1,2.0,17.1204
3月,广东省,东莞市,企石镇,2,2.0,16.9683
3月,广东省,东莞市,东城街道,2,2.0,16.875700000000002
3月,湖北省,咸宁市,嘉鱼县,2,2.0,16.8
3月,湖南省,长沙市,天心区,2,2.0,16.62
3月,江苏省,南京市,鼓楼区,2,2.0,16.41
3月,山西省,太原市,杏花岭区,2,2.0,16.261
3月,浙江省,温州市,洞头区,2,2.0,16.261
3月,安徽省,合肥市,肥东县,1,2.0,16.2
3月,山东省,聊城市,临清市,2,2.0,16.1354
3月,四川省,泸州市,龙马潭区,1,2.0,16.109
3月,江苏省,扬州市,广陵区,1,2.0,15.4084
3月,吉林省,长春市,经济技术开发区,1,2.0,15.22
3月,湖南省,衡阳市,衡阳县,1,2.0,15.22
3月,四川省,南充市,高坪区,1,2.0,15.12
3月,甘肃省,陇南市,武都区,1,2.0,15.0712
3月,内蒙古自治区,鄂尔多斯市,伊金霍洛旗,1,2.0,14.74
3月,山西省,太原市,尖草坪区,2,2.0,14.714300000000001
3月,海南省,省直辖县级行政区划,琼海市,2,2.0,14.6548
3月,河南省,新乡市,长垣市,1,2.0,14.5556
3月,江苏省,淮安市,清河区,1,2.0,14.549
3月,黑龙江省,齐齐哈尔市,龙沙区,1,3.0,14.43
3月,天津,天津市,河东区,2,2.0,14.38
3月,安徽省,铜陵市,枞阳县,1,2.0,14.32
3月,广东省,中山市,黄圃镇,1,2.0,14.18
3月,山西省,大同市,平城区,1,2.0,13.8152
3月,山东省,济南市,天桥区,1,2.0,13.6962
3月,湖北省,武汉市,青山区,1,2.0,13.6962
3月,陕西省,渭南市,蒲城县,1,2.0,13.6962
3月,福建省,厦门市,集美区,1,3.0,13.23
3月,甘肃省,白银市,白银区,1,1.0,12.99
3月,陕西省,榆林市,榆阳区,2,2.0,11.6339
3月,黑龙江省,哈尔滨市,香坊区,2,2.0,11.6339
3月,贵州省,贵阳市,花溪区,2,2.0,11.1976
3月,上海,上海市,虹口区,1,1.0,10.9
3月,内蒙古自治区,呼伦贝尔市,牙克石市,1,1.0,10.9
3月,北京,北京市,延庆区,1,1.0,10.9
3月,北京,北京市,怀柔区,1,1.0,10.9
3月,北京,北京市,西城区,1,1.0,10.9
3月,四川省,乐山市,峨眉山市,1,1.0,10.9
3月,四川省,南充市,顺庆区,1,1.0,10.9
3月,四川省,成都市,成华区,1,1.0,10.9
3月,四川省,成都市,简阳市,1,1.0,10.9
3月,四川省,成都市,青羊区,1,1.0,10.9
3月,天津,天津市,河北区,1,1.0,10.9
3月,安徽省,合肥市,经济技术开发区,1,1.0,10.9
3月,安徽省,芜湖市,弋江区,1,1.0,10.9
3月,山东省,临沂市,河东区,1,1.0,10.9
3月,山东省,威海市,文登区,1,1.0,10.9
3月,山东省,泰安市,肥城市,1,1.0,10.9
3月,山东省,淄博市,沂源县,1,1.0,10.9
3月,山东省,青岛市,莱西市,1,1.0,10.9
3月,山西省,太原市,迎泽区,1,1.0,10.9
3月,山西省,忻州市,繁峙县,1,1.0,10.9
3月,广东省,东莞市,凤岗镇,1,1.0,10.9
3月,广东省,东莞市,清溪镇,1,1.0,10.9
3月,广东省,东莞市,石排镇,1,1.0,10.9
3月,广东省,广州市,越秀区,1,1.0,10.9
3月,广东省,揭阳市,揭东区,1,1.0,10.9
3月,广东省,汕头市,濠江区,1,1.0,10.9
3月,广东省,汕尾市,海丰县,1,1.0,10.9
3月,广东省,深圳市,罗湖区,1,1.0,10.9
3月,广东省,湛江市,遂溪县,1,1.0,10.9
3月,广东省,珠海市,斗门区,1,1.0,10.9
3月,广东省,茂名市,信宜市,1,1.0,10.9
3月,江苏省,宿迁市,宿迁经济开发区,1,1.0,10.9
3月,江苏省,常州市,金坛区,1,1.0,10.9
3月,江苏省,徐州市,泉山区,1,1.0,10.9
3月,江苏省,泰州市,泰兴市,1,1.0,10.9
3月,河南省,开封市,龙亭区,1,1.0,10.9
3月,河南省,郑州市,金水区,1,1.0,10.9
3月,河南省,驻马店市,正阳县,1,1.0,10.9
3月,浙江省,宁波市,江北区,1,1.0,10.9
3月,浙江省,衢州市,衢州市,1,1.0,10.9
3月,海南省,三亚市,三亚市,1,1.0,10.9
3月,湖北省,荆门市,东宝区,1,1.0,10.9
3月,湖北省,襄阳市,襄城区,1,1.0,10.9
3月,湖南省,怀化市,鹤城区,1,1.0,10.9
3月,湖南省,衡阳市,蒸湘区,1,1.0,10.9
3月,湖南省,长沙市,宁乡市,1,1.0,10.9
3月,福建省,南平市,延平区,1,1.0,10.9
3月,福建省,漳州市,芗城区,1,1.0,10.9
3月,辽宁省,大连市,甘井子区,1,1.0,10.9
3月,辽宁省,抚顺市,东洲区,1,1.0,10.9
3月,辽宁省,沈阳市,浑南区,1,1.0,10.9
3月,辽宁省,阜新市,彰武县,1,1.0,10.9
3月,辽宁省,阜新市,细河区,1,1.0,10.9
3月,重庆,重庆市,江北区,1,1.0,10.9
3月,陕西省,咸阳市,泾阳县,1,1.0,10.9
3月,黑龙江省,哈尔滨市,五常市,1,1.0,10.9
3月,吉林省,吉林市,舒兰市,1,1.0,10.6
3月,安徽省,滁州市,明光市,1,1.0,10.6
3月,山西省,吕梁市,孝义市,1,1.0,10.6
3月,广东省,广州市,天河区,1,1.0,10.6
3月,河北省,保定市,涿州市,1,1.0,10.5
3月,广西壮族自治区,南宁市,兴宁区,2,2.0,10.4119
3月,山东省,聊城市,冠县,1,1.0,10.36
3月,青海省,果洛藏族自治州,玛沁县,1,1.0,10.36
3月,河北省,石家庄市,新华区,1,15.0,10.0005
3月,河北省,张家口市,桥西区,1,1.0,9.9
3月,湖北省,黄冈市,团风县,1,1.0,9.8
3月,广东省,东莞市,高埗镇,1,1.0,9.27
3月,广东省,江门市,蓬江区,1,1.0,9.27
3月,浙江省,杭州市,临平区,1,1.0,9.27
3月,湖北省,十堰市,房县,1,1.0,9.27
3月,重庆,重庆市,璧山区,1,1.0,9.27
3月,上海,上海市,长宁区,1,1.0,9.122
3月,北京,北京市,密云区,1,1.0,9.122
3月,北京,北京市,房山区,1,1.0,9.122
3月,吉林省,辽源市,东辽县,1,1.0,9.122
3月,吉林省,长春市,二道区,1,1.0,9.122
3月,四川省,成都市,郫都区,1,1.0,9.122
3月,宁夏回族自治区,固原市,西吉县,1,1.0,9.122
3月,宁夏回族自治区,银川市,西夏区,1,1.0,9.122
3月,安徽省,宣城市,宁国市,1,1.0,9.122
3月,安徽省,宿州市,埇桥区,1,1.0,9.122
3月,安徽省,芜湖市,鸠江区,1,1.0,9.122
3月,安徽省,黄山市,屯溪区,1,1.0,9.122
3月,山东省,东营市,东营区,1,1.0,9.122
3月,山东省,临沂市,蒙阴县,1,1.0,9.122
3月,山东省,临沂市,郯城县,1,1.0,9.122
3月,山东省,枣庄市,山亭区,1,1.0,9.122
3月,山东省,济宁市,鱼台县,1,1.0,9.122
3月,山东省,青岛市,黄岛区,1,1.0,9.122
3月,广东省,东莞市,谢岗镇,1,1.0,9.122
3月,广东省,中山市,南头镇,1,1.0,9.122
3月,广东省,中山市,大涌镇,1,1.0,9.122
3月,广东省,汕头市,龙湖区,1,1.0,9.122
3月,广东省,河源市,源城区,1,1.0,9.122
3月,广东省,深圳市,南山区,1,1.0,9.122
3月,广西壮族自治区,柳州市,城中区,1,1.0,9.122
3月,广西壮族自治区,桂林市,叠彩区,1,1.0,9.122
3月,广西壮族自治区,贺州市,钟山县,1,1.0,9.122
3月,江苏省,南通市,通州区,1,1.0,9.122
3月,江苏省,盐城市,盐都区,1,1.0,9.122
3月,江西省,宜春市,樟树市,1,1.0,9.122
3月,河北省,廊坊市,广阳区,1,1.0,9.122
3月,河北省,石家庄市,栾城区,1,1.0,9.122
3月,河北省,邯郸市,鸡泽县,1,1.0,9.122
3月,河南省,信阳市,光山县,1,1.0,9.122
3月,河南省,商丘市,永城市,1,1.0,9.122
3月,浙江省,宁波市,象山县,1,1.0,9.122
3月,浙江省,杭州市,富阳区,1,1.0,9.122
3月,浙江省,绍兴市,嵊州市,1,1.0,9.122
3月,浙江省,衢州市,龙游县,1,1.0,9.122
3月,海南省,省直辖县级行政区划,昌江黎族自治县,1,1.0,9.122
3月,湖北省,武汉市,洪山区,1,1.0,9.122
3月,湖北省,武汉市,黄陂区,1,1.0,9.122
3月,湖北省,荆州市,石首市,1,1.0,9.122
3月,湖北省,襄阳市,南漳县,1,1.0,9.122
3月,湖北省,黄冈市,红安县,1,1.0,9.122
3月,湖北省,黄石市,下陆区,1,1.0,9.122
3月,湖南省,湘潭市,湘乡市,1,1.0,9.122
3月,湖南省,益阳市,南县,1,1.0,9.122
3月,湖南省,长沙市,浏阳市,1,1.0,9.122
3月,甘肃省,临夏回族自治州,临夏市,1,1.0,9.122
3月,甘肃省,陇南市,宕昌县,1,1.0,9.122
3月,福建省,三明市,沙县区,1,1.0,9.122
3月,福建省,厦门市,同安区,1,1.0,9.122
3月,福建省,宁德市,古田县,1,1.0,9.122
3月,福建省,宁德市,福鼎市,1,1.0,9.122
3月,福建省,泉州市,丰泽区,1,1.0,9.122
3月,福建省,龙岩市,连城县,1,1.0,9.122
3月,重庆,重庆市,巴南区,1,1.0,9.122
3月,重庆,重庆市,彭水苗族土家族自治县,1,1.0,9.122
3月,重庆,重庆市,沙坪坝区,1,1.0,9.122
3月,重庆,重庆市,石柱土家族自治县,1,1.0,9.122
3月,陕西省,延安市,宝塔区,1,1.0,9.122
3月,青海省,西宁市,城西区,1,1.0,9.122
3月,黑龙江省,佳木斯市,郊区,1,1.0,9.122
3月,黑龙江省,哈尔滨市,阿城区,1,1.0,9.122
3月,黑龙江省,鸡西市,鸡东县,1,1.0,9.122
3月,黑龙江省,鸡西市,鸡冠区,1,1.0,9.122
3月,黑龙江省,齐齐哈尔市,建华区,1,1.0,9.122
3月,宁夏回族自治区,吴忠市,盐池县,1,1.0,8.94
3月,福建省,莆田市,涵江区,1,1.0,8.94
3月,宁夏回族自治区,石嘴山市,平罗县,1,1.0,8.72
3月,江西省,九江市,濂溪区,1,1.0,8.72
3月,河南省,开封市,通许县,1,1.0,8.72
3月,河南省,洛阳市,洛宁县,1,1.0,8.72
3月,河南省,许昌市,禹州市,1,1.0,8.72
3月,陕西省,商洛市,商州区,1,1.0,8.72
3月,陕西省,宝鸡市,岐山县,1,1.0,8.72
3月,山东省,泰安市,岱岳区,1,1.0,8.6659
3月,天津,天津市,津南区,1,1.0,8.58
3月,安徽省,池州市,贵池区,1,1.0,8.51
3月,江苏省,连云港市,连云区,1,1.0,8.51
3月,河北省,秦皇岛市,青龙满族自治县,1,1.0,8.51
3月,湖北省,武汉市,其他区,1,1.0,8.3949
3月,海南省,三亚市,天涯区,2,2.0,8.3827
3月,河北省,沧州市,任丘市,1,1.0,8.29
3月,内蒙古自治区,呼和浩特市,新城区,1,1.0,8.2098
3月,吉林省,长春市,公主岭市,1,1.0,8.2098
3月,浙江省,金华市,浦江县,1,1.0,8.2098
3月,海南省,琼海市,嘉积镇,1,1.0,8.2098
3月,海南省,省直辖县级行政区划,陵水黎族自治县,1,1.0,8.2098
3月,湖北省,武汉市,江汉区,1,1.0,8.2098
3月,福建省,三明市,永安市,1,1.0,8.2098
3月,辽宁省,大连市,旅顺口区,1,1.0,8.2098
3月,吉林省,长春市,榆树市,1,1.0,8.18
3月,山东省,烟台市,莱山区,1,1.0,8.18
3月,山东省,菏泽市,郓城县,1,1.0,8.18
3月,山西省,运城市,盐湖区,1,1.0,8.18
3月,江西省,南昌市,昌北区,1,1.0,8.18
3月,贵州省,安顺市,平坝区,1,1.0,8.18
3月,河北省,保定市,莲池区,1,1.0,8.0314
3月,河北省,邢台市,宁晋县,1,1.0,8.0314
3月,湖北省,咸宁市,通山县,1,1.0,8.0314
3月,湖南省,郴州市,永兴县,1,1.0,7.9256
3月,广东省,汕头市,潮南区,1,1.0,7.9
3月,贵州省,安顺市,西秀区,1,1.0,7.8463
3月,浙江省,金华市,兰溪市,1,1.0,7.8
3月,甘肃省,酒泉市,金塔县,1,1.0,7.8
3月,云南省,昆明市,晋宁区,1,1.0,7.7537
3月,四川省,眉山市,东坡区,1,1.0,7.7537
3月,安徽省,亳州市,利辛县,1,1.0,7.7537
3月,安徽省,合肥市,滨湖新区,1,1.0,7.7537
3月,安徽省,安庆市,大观区,1,1.0,7.7537
3月,安徽省,马鞍山市,含山县,1,1.0,7.7537
3月,山东省,淄博市,张店区,1,1.0,7.7537
3月,山东省,潍坊市,诸城市,1,1.0,7.7537
3月,山西省,忻州市,保德县,1,1.0,7.7537
3月,广东省,东莞市,茶山镇,1,1.0,7.7537
3月,广西壮族自治区,桂林市,兴安县,1,1.0,7.7537
3月,江西省,南昌市,东湖区,1,1.0,7.7537
3月,江西省,南昌市,安义县,1,1.0,7.7537
3月,江西省,抚州市,崇仁县,1,1.0,7.7537
3月,江西省,新余市,分宜县,1,1.0,7.7537
3月,河北省,邢台市,内丘县,1,1.0,7.7537
3月,河南省,信阳市,罗山县,1,1.0,7.7537
3月,河南省,洛阳市,栾川县,1,1.0,7.7537
3月,浙江省,杭州市,淳安县,1,1.0,7.7537
3月,海南省,省直辖县级行政区划,文昌市,1,1.0,7.7537
3月,湖北省,黄冈市,蕲春县,1,1.0,7.7537
3月,湖南省,岳阳市,湘阴县,1,1.0,7.7537
3月,甘肃省,庆阳市,西峰区,1,1.0,7.7537
3月,福建省,厦门市,思明区,1,1.0,7.7537
3月,辽宁省,沈阳市,苏家屯区,1,1.0,7.7537
3月,辽宁省,鞍山市,海城市,1,1.0,7.7537
3月,重庆,重庆市,开州区,1,1.0,7.7537
3月,重庆,重庆市,荣昌区,1,1.0,7.7537
3月,黑龙江省,黑河市,爱辉区,1,1.0,7.7537
3月,内蒙古自治区,通辽市,奈曼旗,1,1.0,7.6678
3月,湖北省,鄂州市,华容区,1,1.0,7.6678
3月,辽宁省,沈阳市,皇姑区,1,1.0,7.6678
3月,江苏省,无锡市,滨湖区,1,1.0,7.63
3月,河北省,唐山市,古冶区,1,1.0,7.63
3月,湖北省,武汉市,武昌区,1,1.0,7.63
3月,山东省,济南市,槐荫区,1,1.0,7.4827
3月,广西壮族自治区,柳州市,鹿寨县,1,1.0,7.4827
3月,安徽省,合肥市,瑶海区,1,1.0,7.2976
3月,安徽省,池州市,石台县,1,1.0,7.2976
3月,山东省,德州市,夏津县,1,1.0,7.2976
3月,广东省,东莞市,桥头镇,1,1.0,7.2976
3月,广西壮族自治区,河池市,金城江区,1,1.0,7.2976
3月,江西省,吉安市,峡江县,1,1.0,7.2976
3月,河南省,郑州市,惠济区,1,1.0,7.2976
3月,浙江省,宁波市,宁海县,1,1.0,7.2976
3月,黑龙江省,哈尔滨市,木兰县,1,1.0,7.2778
3月,四川省,遂宁市,大英县,1,1.0,7.2315
3月,江西省,赣州市,南康区,1,1.0,7.2117
3月,广东省,中山市,小榄镇,1,1.0,7.139
3月,山东省,枣庄市,薛城区,1,1.0,7.1192
3月,湖南省,永州市,冷水滩区,1,1.0,7.1192
3月,辽宁省,大连市,沙河口区,1,1.0,7.1192
3月,江西省,九江市,柴桑区,1,1.0,7.1125
3月,云南省,昆明市,西山区,1,1.0,6.9341
3月,陕西省,西安市,莲湖区,1,1.0,6.9341
3月,甘肃省,定西市,安定区,1,1.0,6.8481
3月,安徽省,亳州市,蒙城县,1,1.0,6.8415
3月,河南省,驻马店市,驿城区,1,1.0,6.8415
3月,湖南省,衡阳市,雁峰区,1,1.0,6.3854
3月,宁夏回族自治区,石嘴山市,大武口区,1,1.0,5.9
3月,江苏省,无锡市,锡山区,1,1.0,5.9
3月,江苏省,盐城市,射阳县,1,1.0,5.9
3月,江西省,抚州市,乐安县,1,1.0,5.9
3月,贵州省,铜仁市,碧江区,1,1.0,5.8169
3月,陕西省,延安市,延长县,1,1.0,5.8169
3月,河北省,秦皇岛市,海港区,1,1.0,5.6
3月,河南省,信阳市,新县,1,1.0,4.9
3月,吉林省,长春市,农安县,1,1.0,4.0983
3月,安徽省,阜阳市,界首市,1,1.0,3.27
3月,安徽省,蚌埠市,怀远县,1,1.0,2.5119
3月,海南省,儋州市,白马井镇,1,1.0,2.5119
3月,黑龙江省,齐齐哈尔市,富拉尔基区,1,1.0,2.5119
3月,福建省,三明市,清流县,1,1.0,1.0
3月,江西省,萍乡市,上栗县,1,1.0,0.9
3月,湖北省,武汉市,东西湖区,1,1.0,0.9
