省,市,订单行数,数量合计,GMV合计,GMV占比,数量占比
上海,上海市,3289,5746.0,97942.9224,8.63,8.67
北京,北京市,2011,4026.0,66230.64,5.84,6.08
广东省,广州市,1249,2211.0,38168.9979,3.36,3.34
广东省,深圳市,1109,2036.0,34296.2446,3.02,3.07
四川省,成都市,1048,2014.0,34161.346,3.01,3.04
江苏省,苏州市,777,1699.0,28431.3029,2.5,2.56
天津,天津市,929,1671.0,27827.7703,2.45,2.52
重庆,重庆市,723,1401.0,24122.8188,2.13,2.11
广东省,东莞市,769,1472.0,24116.891,2.12,2.22
浙江省,杭州市,674,1138.0,20124.8207,1.77,1.72
辽宁省,沈阳市,614,1123.0,18992.9743,1.67,1.7
江苏省,南京市,551,1055.0,18563.1562,1.64,1.59
湖北省,武汉市,494,914.0,15458.1437,1.36,1.38
陕西省,西安市,402,793.0,13360.0465,1.18,1.2
江苏省,无锡市,406,733.0,13228.7631,1.17,1.11
江苏省,南通市,378,731.0,12640.0747,1.11,1.1
广东省,佛山市,388,691.0,12247.5852,1.08,1.04
浙江省,宁波市,305,650.0,11622.3019,1.02,0.98
山东省,青岛市,338,661.0,11174.3163,0.98,1.0
江苏省,常州市,342,645.0,11062.7967,0.97,0.97
广东省,珠海市,253,542.0,8756.3682,0.77,0.82
河南省,郑州市,298,483.0,8591.3609,0.76,0.73
浙江省,湖州市,197,509.0,8506.7538,0.75,0.77
辽宁省,大连市,269,494.0,8431.1055,0.74,0.75
安徽省,合肥市,275,487.0,8310.2298,0.73,0.74
广东省,惠州市,245,469.0,8267.0927,0.73,0.71
山西省,太原市,257,467.0,8162.0501,0.72,0.7
福建省,福州市,250,450.0,8038.4025,0.71,0.68
湖南省,长沙市,249,442.0,7731.8408,0.68,0.67
浙江省,金华市,245,426.0,7707.4987,0.68,0.64
浙江省,温州市,236,425.0,7694.3864,0.68,0.64
黑龙江省,哈尔滨市,236,456.0,7640.9571,0.67,0.69
吉林省,长春市,233,424.0,7378.249,0.65,0.64
广西壮族自治区,南宁市,233,415.0,7353.4028,0.65,0.63
山东省,济南市,246,421.0,7329.0498,0.65,0.64
福建省,泉州市,209,396.0,6958.3854,0.61,0.6
福建省,厦门市,210,384.0,6766.1072,0.6,0.58
河北省,唐山市,228,401.0,6657.9817,0.59,0.61
广东省,中山市,225,386.0,6594.3849,0.58,0.58
浙江省,嘉兴市,195,362.0,6531.1338,0.58,0.55
河北省,石家庄市,198,391.0,6515.4785,0.57,0.59
陕西省,咸阳市,186,368.0,6331.8982,0.56,0.56
浙江省,台州市,172,358.0,6145.0803,0.54,0.54
辽宁省,鞍山市,192,379.0,5986.1647,0.53,0.57
河北省,廊坊市,175,312.0,5262.87,0.46,0.47
云南省,昆明市,147,288.0,5197.2369,0.46,0.43
广东省,湛江市,129,290.0,4939.5808,0.44,0.44
江西省,南昌市,160,284.0,4837.8482,0.43,0.43
江苏省,盐城市,149,265.0,4688.1068000000005,0.41,0.4
广东省,汕头市,150,271.0,4581.8141,0.4,0.41
浙江省,绍兴市,144,250.0,4519.4978,0.4,0.38
山东省,烟台市,137,252.0,4417.3622000000005,0.39,0.38
江苏省,镇江市,127,282.0,4399.3897,0.39,0.43
河北省,保定市,144,261.0,4346.2198,0.38,0.39
广东省,江门市,144,247.0,4336.2832,0.38,0.37
江苏省,泰州市,128,248.0,4299.867,0.38,0.37
山东省,潍坊市,122,246.0,4261.7682,0.38,0.37
广西壮族自治区,崇左市,42,222.0,4133.2774,0.36,0.34
广西壮族自治区,桂林市,99,213.0,3890.2514,0.34,0.32
江苏省,徐州市,137,215.0,3826.0867,0.34,0.32
江西省,赣州市,99,192.0,3617.3898,0.32,0.29
河南省,洛阳市,101,213.0,3542.9556000000002,0.31,0.32
河北省,沧州市,126,205.0,3511.4279,0.31,0.31
山东省,临沂市,121,206.0,3460.4251,0.3,0.31
海南省,三亚市,81,198.0,3365.1188,0.3,0.3
贵州省,贵阳市,108,195.0,3354.52,0.3,0.29
江苏省,扬州市,97,199.0,3317.6571,0.29,0.3
辽宁省,抚顺市,104,210.0,3286.6828,0.29,0.32
四川省,宜宾市,96,181.0,3122.5501,0.28,0.27
河北省,秦皇岛市,93,180.0,3027.6827,0.27,0.27
安徽省,阜阳市,99,171.0,3006.1435,0.26,0.26
广西壮族自治区,柳州市,68,163.0,2986.3396,0.26,0.25
山东省,济宁市,91,167.0,2938.4857,0.26,0.25
海南省,海口市,98,177.0,2929.637,0.26,0.27
河北省,邯郸市,99,177.0,2921.8651,0.26,0.27
湖北省,黄冈市,71,176.0,2875.6443,0.25,0.27
江苏省,淮安市,83,170.0,2831.4504,0.25,0.26
河南省,南阳市,91,161.0,2829.9584,0.25,0.24
四川省,德阳市,85,165.0,2820.2304,0.25,0.25
四川省,眉山市,78,165.0,2777.2011,0.24,0.25
湖北省,荆州市,68,158.0,2736.5301,0.24,0.24
福建省,漳州市,83,151.0,2673.735,0.24,0.23
湖北省,宜昌市,81,144.0,2660.1395,0.23,0.22
江西省,上饶市,69,144.0,2648.1702,0.23,0.22
福建省,宁德市,53,156.0,2626.7404,0.23,0.24
河南省,信阳市,75,149.0,2583.7312,0.23,0.22
海南省,省直辖县级行政区划,78,163.0,2581.3704000000002,0.23,0.25
广东省,揭阳市,85,146.0,2534.4881,0.22,0.22
辽宁省,阜新市,76,143.0,2527.7001,0.22,0.22
四川省,绵阳市,86,155.0,2524.2207,0.22,0.23
安徽省,蚌埠市,70,140.0,2522.4505,0.22,0.21
湖北省,咸宁市,57,137.0,2499.2869,0.22,0.21
贵州省,遵义市,62,143.0,2470.7544,0.22,0.22
安徽省,亳州市,66,136.0,2465.4291,0.22,0.21
安徽省,六安市,72,139.0,2462.8484,0.22,0.21
安徽省,芜湖市,74,139.0,2454.02,0.22,0.21
辽宁省,朝阳市,71,145.0,2392.28,0.21,0.22
安徽省,滁州市,74,135.0,2384.788,0.21,0.2
安徽省,淮南市,69,137.0,2311.2099,0.2,0.21
广东省,茂名市,87,129.0,2310.6933,0.2,0.19
河南省,商丘市,73,134.0,2292.9664000000002,0.2,0.2
山东省,菏泽市,83,126.0,2292.4594,0.2,0.19
广东省,肇庆市,72,125.0,2241.0113,0.2,0.19
四川省,泸州市,67,129.0,2239.8334,0.2,0.19
江西省,九江市,64,135.0,2228.8112,0.2,0.2
河北省,张家口市,68,133.0,2213.1299,0.19,0.2
山西省,大同市,64,138.0,2211.8305,0.19,0.21
广西壮族自治区,北海市,60,132.0,2209.7001,0.19,0.2
湖北省,孝感市,66,129.0,2200.9702,0.19,0.19
内蒙古自治区,呼伦贝尔市,40,143.0,2195.5524,0.19,0.22
江苏省,宿迁市,74,125.0,2185.4826,0.19,0.19
吉林省,吉林市,71,126.0,2158.2293,0.19,0.19
广东省,清远市,70,126.0,2132.58,0.19,0.19
山东省,日照市,43,121.0,2124.6501,0.19,0.18
辽宁省,辽阳市,77,134.0,2112.3987,0.19,0.2
四川省,达州市,58,120.0,2102.8784,0.19,0.18
江苏省,连云港市,65,120.0,2098.7888,0.18,0.18
甘肃省,兰州市,59,121.0,2060.8211,0.18,0.18
四川省,凉山彝族自治州,53,116.0,2055.8283,0.18,0.18
辽宁省,锦州市,66,108.0,2017.5378,0.18,0.16
四川省,乐山市,64,127.0,1985.5263,0.17,0.19
河南省,驻马店市,61,116.0,1985.451,0.17,0.18
安徽省,宿州市,64,114.0,1979.64,0.17,0.17
河北省,邢台市,54,117.0,1947.7083,0.17,0.18
福建省,莆田市,58,106.0,1942.9403,0.17,0.16
山东省,威海市,57,111.0,1936.8788,0.17,0.17
安徽省,宣城市,53,114.0,1918.522,0.17,0.17
贵州省,黔西南布依族苗族自治州,30,118.0,1907.1922,0.17,0.18
辽宁省,铁岭市,57,115.0,1893.8288,0.17,0.17
陕西省,安康市,21,100.0,1867.9585,0.16,0.15
湖北省,黄石市,40,103.0,1859.1008,0.16,0.16
山东省,淄博市,66,104.0,1841.2638,0.16,0.16
河南省,周口市,68,104.0,1812.298,0.16,0.16
江西省,宜春市,52,107.0,1807.3077,0.16,0.16
湖北省,襄阳市,65,100.0,1798.3451,0.16,0.15
湖北省,十堰市,41,108.0,1769.4881,0.16,0.16
湖南省,常德市,41,97.0,1750.846,0.15,0.15
河南省,焦作市,50,99.0,1745.3702,0.15,0.15
辽宁省,营口市,58,102.0,1719.0104000000001,0.15,0.15
广东省,韶关市,48,92.0,1679.2499,0.15,0.14
山东省,德州市,58,101.0,1654.5825,0.15,0.15
四川省,遂宁市,46,95.0,1654.2985,0.15,0.14
辽宁省,葫芦岛市,54,109.0,1645.1211,0.14,0.16
贵州省,铜仁市,45,90.0,1639.9,0.14,0.14
湖南省,邵阳市,44,90.0,1626.7095,0.14,0.14
云南省,西双版纳傣族自治州,26,86.0,1623.3299,0.14,0.13
福建省,龙岩市,49,95.0,1619.2401,0.14,0.14
甘肃省,天水市,28,95.0,1583.5712,0.14,0.14
四川省,南充市,53,93.0,1574.7553,0.14,0.14
浙江省,丽水市,45,88.0,1566.9493,0.14,0.13
河南省,开封市,53,89.0,1559.94,0.14,0.13
福建省,三明市,34,81.0,1533.608,0.14,0.12
湖北省,荆门市,49,92.0,1514.7196999999999,0.13,0.14
陕西省,榆林市,37,96.0,1499.3313,0.13,0.14
山东省,滨州市,52,87.0,1499.1651,0.13,0.13
湖北省,恩施土家族苗族自治州,47,82.0,1491.6601,0.13,0.12
黑龙江省,大庆市,48,91.0,1483.9958,0.13,0.14
广西壮族自治区,玉林市,49,87.0,1479.76,0.13,0.13
贵州省,毕节市,34,88.0,1467.5585,0.13,0.13
广东省,河源市,37,87.0,1454.5593,0.13,0.13
辽宁省,丹东市,46,82.0,1439.3801,0.13,0.12
广东省,汕尾市,46,107.0,1427.757,0.13,0.16
辽宁省,盘锦市,40,79.0,1426.27,0.13,0.12
湖南省,株洲市,40,82.0,1425.2588,0.13,0.12
山西省,晋中市,41,78.0,1423.1779999999999,0.13,0.12
湖南省,岳阳市,42,81.0,1419.0603,0.13,0.12
安徽省,安庆市,47,74.0,1407.51,0.12,0.11
广东省,梅州市,40,82.0,1398.8772,0.12,0.12
安徽省,马鞍山市,46,75.0,1397.94,0.12,0.11
吉林省,通化市,47,87.0,1394.12,0.12,0.13
陕西省,渭南市,41,79.0,1392.46,0.12,0.12
河北省,衡水市,47,79.0,1388.48,0.12,0.12
山东省,泰安市,56,77.0,1380.9486,0.12,0.12
浙江省,舟山市,44,78.0,1378.4254,0.12,0.12
江西省,吉安市,40,76.0,1374.8304,0.12,0.11
内蒙古自治区,呼和浩特市,50,88.0,1354.0800000000002,0.12,0.13
山东省,聊城市,44,81.0,1352.0204,0.12,0.12
四川省,内江市,40,77.0,1315.2099,0.12,0.12
云南省,昭通市,33,72.0,1309.8104,0.12,0.11
湖北省,省直辖县级行政区划,33,80.0,1307.0512,0.12,0.12
浙江省,衢州市,36,67.0,1249.4199,0.11,0.1
福建省,南平市,34,67.0,1236.4351,0.11,0.1
湖南省,娄底市,29,69.0,1224.0906,0.11,0.1
广西壮族自治区,防城港市,31,72.0,1221.1908,0.11,0.11
贵州省,黔东南苗族侗族自治州,33,65.0,1214.0303,0.11,0.1
湖南省,永州市,42,71.0,1206.4803,0.11,0.11
湖南省,郴州市,38,67.0,1197.49,0.11,0.1
云南省,红河哈尼族彝族自治州,31,67.0,1195.2297,0.11,0.1
湖北省,鄂州市,22,69.0,1192.2604000000001,0.11,0.1
广西壮族自治区,钦州市,35,65.0,1176.88,0.1,0.1
四川省,广安市,32,68.0,1168.2608,0.1,0.1
云南省,大理白族自治州,32,63.0,1161.3383999999999,0.1,0.1
安徽省,黄山市,24,64.0,1160.5904,0.1,0.1
四川省,巴中市,30,66.0,1154.201,0.1,0.1
河南省,新乡市,42,69.0,1151.435,0.1,0.1
山西省,忻州市,29,66.0,1147.8,0.1,0.1
黑龙江省,齐齐哈尔市,35,70.0,1128.8005,0.1,0.11
湖南省,益阳市,29,64.0,1122.4507,0.1,0.1
湖南省,衡阳市,38,64.0,1109.21,0.1,0.1
陕西省,宝鸡市,37,63.0,1106.1587,0.1,0.1
河南省,平顶山市,38,63.0,1103.79,0.1,0.1
河南省,许昌市,36,62.0,1082.28,0.1,0.09
四川省,资阳市,35,61.0,1080.2777,0.1,0.09
安徽省,池州市,23,63.0,1076.9576,0.09,0.1
山西省,吕梁市,30,60.0,1075.0504,0.09,0.09
河北省,承德市,35,60.0,1074.9202,0.09,0.09
贵州省,黔南布依族苗族自治州,35,63.0,1070.1573,0.09,0.1
山西省,临汾市,35,63.0,1050.09,0.09,0.1
四川省,攀枝花市,27,60.0,1046.8,0.09,0.09
广西壮族自治区,百色市,31,62.0,1043.9802,0.09,0.09
黑龙江省,绥化市,38,56.0,1038.19,0.09,0.08
江西省,景德镇市,30,57.0,1037.5884,0.09,0.09
吉林省,延边朝鲜族自治州,34,59.0,1021.5699,0.09,0.09
湖南省,湘西土家族苗族自治州,28,55.0,1020.6667,0.09,0.08
湖南省,怀化市,32,58.0,1019.5882,0.09,0.09
陕西省,汉中市,34,55.0,1018.9,0.09,0.08
贵州省,安顺市,31,57.0,1013.2869000000001,0.09,0.09
广西壮族自治区,梧州市,32,59.0,1009.84,0.09,0.09
云南省,保山市,20,54.0,1005.7104,0.09,0.08
吉林省,四平市,29,62.0,980.6402,0.09,0.09
云南省,曲靖市,29,55.0,976.77,0.09,0.08
河南省,安阳市,33,53.0,970.3580000000001,0.09,0.08
山西省,运城市,31,57.0,963.6700000000001,0.08,0.09
广东省,阳江市,35,55.0,963.1445,0.08,0.08
贵州省,六盘水市,26,54.0,949.4969,0.08,0.08
陕西省,商洛市,13,53.0,947.4808,0.08,0.08
内蒙古自治区,乌兰察布市,17,53.0,947.4704,0.08,0.08
四川省,广元市,29,62.0,937.9898000000001,0.08,0.09
内蒙古自治区,赤峰市,27,57.0,935.5604,0.08,0.09
陕西省,延安市,19,55.0,929.2199,0.08,0.08
山西省,长治市,35,55.0,922.2493000000001,0.08,0.08
云南省,普洱市,20,55.0,918.8036,0.08,0.08
四川省,自贡市,35,53.0,918.5108,0.08,0.08
安徽省,淮北市,35,54.0,904.9182000000001,0.08,0.08
山东省,枣庄市,29,52.0,896.62,0.08,0.08
广东省,云浮市,32,56.0,882.9100999999999,0.08,0.08
河南省,漯河市,32,53.0,877.9508000000001,0.08,0.08
内蒙古自治区,包头市,29,56.0,875.8797,0.08,0.08
山东省,东营市,29,47.0,862.31,0.08,0.07
广东省,潮州市,29,51.0,857.2708,0.08,0.08
河南省,濮阳市,30,49.0,839.4,0.07,0.07
江西省,抚州市,28,49.0,828.1601,0.07,0.07
广西壮族自治区,贵港市,31,49.0,806.5093,0.07,0.07
黑龙江省,牡丹江市,27,46.0,770.2677,0.07,0.07
广西壮族自治区,河池市,18,38.0,766.21,0.07,0.06
甘肃省,平凉市,18,47.0,752.91,0.07,0.07
湖北省,随州市,20,42.0,752.5105,0.07,0.06
黑龙江省,鹤岗市,24,41.0,732.7180000000001,0.06,0.06
四川省,雅安市,20,42.0,731.7979,0.06,0.06
山西省,朔州市,24,40.0,728.1884,0.06,0.06
辽宁省,本溪市,27,43.0,724.51,0.06,0.06
吉林省,白城市,23,50.0,719.71,0.06,0.08
山西省,阳泉市,22,46.0,690.5898,0.06,0.07
吉林省,松原市,23,44.0,681.5379,0.06,0.07
吉林省,辽源市,21,41.0,663.77,0.06,0.06
湖北省,仙桃市,17,32.0,657.358,0.06,0.05
云南省,丽江市,17,34.0,631.17,0.06,0.05
黑龙江省,佳木斯市,21,35.0,629.0233000000001,0.06,0.05
四川省,甘孜藏族自治州,15,35.0,622.2402,0.05,0.05
湖南省,张家界市,19,33.0,617.62,0.05,0.05
黑龙江省,双鸭山市,19,31.0,603.658,0.05,0.05
海南省,儋州市,17,35.0,602.35,0.05,0.05
江西省,鹰潭市,22,36.0,601.32,0.05,0.05
广西壮族自治区,贺州市,18,31.0,579.9919,0.05,0.05
四川省,阿坝藏族羌族自治州,17,34.0,579.14,0.05,0.05
湖南省,湘潭市,23,33.0,576.1393,0.05,0.05
宁夏回族自治区,银川市,17,35.0,569.9300000000001,0.05,0.05
云南省,玉溪市,19,33.0,566.1009,0.05,0.05
甘肃省,陇南市,15,32.0,543.72,0.05,0.05
江西省,萍乡市,16,30.0,535.5001,0.05,0.05
广西壮族自治区,来宾市,17,28.0,533.3793000000001,0.05,0.04
云南省,楚雄彝族自治州,14,30.0,530.8578,0.05,0.05
内蒙古自治区,鄂尔多斯市,17,33.0,527.62,0.05,0.05
云南省,文山壮族苗族自治州,15,28.0,518.838,0.05,0.04
黑龙江省,鸡西市,17,29.0,517.97,0.05,0.04
黑龙江省,大兴安岭地区,14,28.0,509.3164,0.04,0.04
山西省,晋城市,18,28.0,491.47,0.04,0.04
河南省,三门峡市,16,29.0,485.28,0.04,0.04
安徽省,铜陵市,16,24.0,478.6401,0.04,0.04
甘肃省,庆阳市,15,27.0,470.68010000000004,0.04,0.04
云南省,德宏傣族景颇族自治州,11,24.0,427.2301,0.04,0.04
黑龙江省,黑河市,15,24.0,422.06,0.04,0.04
黑龙江省,伊春市,11,24.0,415.53,0.04,0.04
内蒙古自治区,通辽市,13,25.0,395.82,0.03,0.04
吉林省,白山市,11,23.0,386.9797,0.03,0.03
甘肃省,临夏回族自治州,8,22.0,386.9708,0.03,0.03
河南省,鹤壁市,12,22.0,380.4486,0.03,0.03
青海省,西宁市,10,21.0,361.2904,0.03,0.03
内蒙古自治区,巴彦淖尔市,7,21.0,348.4204,0.03,0.03
内蒙古自治区,兴安盟,10,21.0,328.23,0.03,0.03
湖北省,天门市,9,15.0,308.85,0.03,0.02
海南省,澄迈县,6,16.0,308.49,0.03,0.02
江西省,新余市,11,16.0,304.43,0.03,0.02
云南省,临沧市,8,15.0,297.57,0.03,0.02
云南省,怒江傈僳族自治州,4,17.0,293.2804,0.03,0.03
内蒙古自治区,锡林郭勒盟,7,17.0,272.1704,0.02,0.03
甘肃省,白银市,11,17.0,265.62,0.02,0.03
海南省,文昌市,6,12.0,240.0177,0.02,0.02
海南省,陵水黎族自治县,5,12.0,215.9,0.02,0.02
甘肃省,定西市,4,12.0,204.82999999999998,0.02,0.02
湖北省,神农架林区,2,10.0,197.51,0.02,0.02
海南省,乐东黎族自治县,5,10.0,196.56,0.02,0.02
海南省,定安县,5,10.0,194.87,0.02,0.02
宁夏回族自治区,石嘴山市,7,12.0,193.59,0.02,0.02
甘肃省,甘南藏族自治州,6,12.0,177.16,0.02,0.02
甘肃省,张掖市,6,13.0,175.9298,0.02,0.02
甘肃省,武威市,6,11.0,174.29000000000002,0.02,0.02
黑龙江省,七台河市,6,10.0,173.52,0.02,0.02
甘肃省,酒泉市,7,9.0,172.89,0.02,0.01
海南省,五指山市,5,9.0,165.29,0.01,0.01
云南省,迪庆藏族自治州,5,10.0,159.88,0.01,0.02
海南省,临高县,3,8.0,159.07999999999998,0.01,0.01
甘肃省,金昌市,5,8.0,146.63,0.01,0.01
湖北省,潜江市,5,8.0,145.99,0.01,0.01
陕西省,铜川市,5,8.0,142.29,0.01,0.01
河南省,济源市,2,6.0,128.41,0.01,0.01
宁夏回族自治区,中卫市,4,8.0,127.19,0.01,0.01
山东省,莱芜市,4,7.0,125.58,0.01,0.01
青海省,海西蒙古族藏族自治州,4,7.0,119.5,0.01,0.01
青海省,海南藏族自治州,4,7.0,117.45,0.01,0.01
海南省,万宁市,4,6.0,105.16,0.01,0.01
湖北省,潜江,3,6.0,90.72,0.01,0.01
河南省,省直辖县级行政区划,4,5.0,84.73,0.01,0.01
内蒙古自治区,乌海市,3,5.0,84.62,0.01,0.01
海南省,白沙黎族自治县,2,3.0,70.25,0.01,0.0
海南省,琼中黎族苗族自治县,3,4.0,67.69,0.01,0.01
宁夏回族自治区,固原市,2,4.0,66.28999999999999,0.01,0.01
海南省,琼海市,2,3.0,60.769999999999996,0.01,0.0
海南省,昌江黎族自治县,2,2.0,41.58,0.0,0.0
海南省,屯昌县,1,2.0,39.5,0.0,0.0
海南省,保亭黎族苗族自治县,1,2.0,38.61,0.0,0.0
湖北省,天门,1,2.0,34.89,0.0,0.0
海南省,东方市,1,2.0,23.5,0.0,0.0
河北省,雄安新区,1,1.0,21.91,0.0,0.0
甘肃省,嘉峪关市,1,1.0,19.8,0.0,0.0
