省,市,商品名称,产品名称,订单行数,数量合计,GMV合计
上海,上海市,美极鲜味汁12x400ml,美极鲜味汁 12x400毫升,2516,4364.0,80628.3104
北京,北京市,美极鲜味汁12x400ml,美极鲜味汁 12x400毫升,1572,3186.0,56107.7782
广东省,广州市,美极鲜味汁12x400ml,美极鲜味汁 12x400毫升,972,1734.0,32168.477
四川省,成都市,美极鲜味汁12x400ml,美极鲜味汁 12x400毫升,849,1670.0,29980.7058
广东省,深圳市,美极鲜味汁12x400ml,美极鲜味汁 12x400毫升,806,1469.0,27563.7041
天津,天津市,美极鲜味汁12x400ml,美极鲜味汁 12x400毫升,742,1323.0,23552.2993
江苏省,苏州市,美极鲜味汁12x400ml,美极鲜味汁 12x400毫升,614,1182.0,21912.1115
重庆,重庆市,美极鲜味汁12x400ml,美极鲜味汁 12x400毫升,607,1160.0,21027.0677
广东省,东莞市,美极鲜味汁12x400ml,美极鲜味汁 12x400毫升,547,1061.0,19340.2497
浙江省,杭州市,美极鲜味汁12x400ml,美极鲜味汁 12x400毫升,537,907.0,17199.7299
辽宁省,沈阳市,美极鲜味汁12x400ml,美极鲜味汁 12x400毫升,513,958.0,16983.854
江苏省,南京市,美极鲜味汁12x400ml,美极鲜味汁 12x400毫升,448,853.0,16004.0155
湖北省,武汉市,美极鲜味汁12x400ml,美极鲜味汁 12x400毫升,394,722.0,12971.7531
上海,上海市,美极鲜味汁24x200ml,美极鲜味汁 24x200毫升,484,895.0,12695.522
江苏省,无锡市,美极鲜味汁12x400ml,美极鲜味汁 12x400毫升,341,641.0,12066.8832
陕西省,西安市,美极鲜味汁12x400ml,美极鲜味汁 12x400毫升,333,646.0,11571.3457
江苏省,南通市,美极鲜味汁12x400ml,美极鲜味汁 12x400毫升,323,620.0,11298.5851
广东省,佛山市,美极鲜味汁12x400ml,美极鲜味汁 12x400毫升,319,584.0,10925.2648
浙江省,宁波市,美极鲜味汁12x400ml,美极鲜味汁 12x400毫升,260,574.0,10622.2018
江苏省,常州市,美极鲜味汁12x400ml,美极鲜味汁 12x400毫升,267,505.0,9260.6466
山东省,青岛市,美极鲜味汁12x400ml,美极鲜味汁 12x400毫升,276,512.0,9200.4759
河南省,郑州市,美极鲜味汁12x400ml,美极鲜味汁 12x400毫升,254,412.0,7766.5206
北京,北京市,美极鲜味汁24x200ml,美极鲜味汁 24x200毫升,291,562.0,7551.1118
浙江省,湖州市,美极鲜味汁12x400ml,美极鲜味汁 12x400毫升,159,415.0,7431.9231
安徽省,合肥市,美极鲜味汁12x400ml,美极鲜味汁 12x400毫升,233,416.0,7416.0594
广东省,惠州市,美极鲜味汁12x400ml,美极鲜味汁 12x400毫升,201,395.0,7370.5025
辽宁省,大连市,美极鲜味汁12x400ml,美极鲜味汁 12x400毫升,214,401.0,7293.7151
广东省,珠海市,美极鲜味汁12x400ml,美极鲜味汁 12x400毫升,199,413.0,7232.3181
湖南省,长沙市,美极鲜味汁12x400ml,美极鲜味汁 12x400毫升,207,387.0,7062.8108
浙江省,温州市,美极鲜味汁12x400ml,美极鲜味汁 12x400毫升,202,376.0,7057.0163
浙江省,金华市,美极鲜味汁12x400ml,美极鲜味汁 12x400毫升,205,365.0,6933.0387
福建省,福州市,美极鲜味汁12x400ml,美极鲜味汁 12x400毫升,209,364.0,6893.3217
山东省,济南市,美极鲜味汁12x400ml,美极鲜味汁 12x400毫升,216,377.0,6779.7097
广西壮族自治区,南宁市,美极鲜味汁12x400ml,美极鲜味汁 12x400毫升,199,368.0,6721.723
吉林省,长春市,美极鲜味汁12x400ml,美极鲜味汁 12x400毫升,195,368.0,6642.5588
山西省,太原市,美极鲜味汁12x400ml,美极鲜味汁 12x400毫升,197,353.0,6601.7899
黑龙江省,哈尔滨市,美极鲜味汁12x400ml,美极鲜味汁 12x400毫升,186,365.0,6581.5474
福建省,泉州市,美极鲜味汁12x400ml,美极鲜味汁 12x400毫升,175,331.0,6231.3052
浙江省,嘉兴市,美极鲜味汁12x400ml,美极鲜味汁 12x400毫升,167,320.0,5990.4838
河北省,唐山市,美极鲜味汁12x400ml,美极鲜味汁 12x400毫升,192,332.0,5867.4316
福建省,厦门市,美极鲜味汁12x400ml,美极鲜味汁 12x400毫升,168,309.0,5767.2171
河北省,石家庄市,美极鲜味汁12x400ml,美极鲜味汁 12x400毫升,160,322.0,5723.3289
浙江省,台州市,美极鲜味汁12x400ml,美极鲜味汁 12x400毫升,150,322.0,5691.11
广东省,中山市,美极鲜味汁12x400ml,美极鲜味汁 12x400毫升,173,309.0,5688.8048
江苏省,苏州市,美极鲜味汁24x200ml,美极鲜味汁 24x200毫升,115,424.0,5661.3212
陕西省,咸阳市,美极鲜味汁12x400ml,美极鲜味汁 12x400毫升,153,293.0,5378.0378
辽宁省,鞍山市,美极鲜味汁12x400ml,美极鲜味汁 12x400毫升,162,318.0,5350.6944
云南省,昆明市,美极鲜味汁12x400ml,美极鲜味汁 12x400毫升,133,265.0,4914.0369
河北省,廊坊市,美极鲜味汁12x400ml,美极鲜味汁 12x400毫升,149,267.0,4724.89
上海,上海市,美极鲜味汁28x100ml,美极鲜味汁 28x100毫升,289,487.0,4619.09
广东省,湛江市,美极鲜味汁12x400ml,美极鲜味汁 12x400毫升,113,263.0,4587.8908
江苏省,盐城市,美极鲜味汁12x400ml,美极鲜味汁 12x400毫升,130,243.0,4407.7068
广东省,广州市,美极鲜味汁24x200ml,美极鲜味汁 24x200毫升,171,316.0,4391.3109
浙江省,绍兴市,美极鲜味汁12x400ml,美极鲜味汁 12x400毫升,125,223.0,4177.4976
江西省,南昌市,美极鲜味汁12x400ml,美极鲜味汁 12x400毫升,125,226.0,4157.2579
山东省,烟台市,美极鲜味汁12x400ml,美极鲜味汁 12x400毫升,123,230.0,4144.0022
广西壮族自治区,崇左市,美极鲜味汁12x400ml,美极鲜味汁 12x400毫升,39,218.0,4076.7274
江苏省,泰州市,美极鲜味汁12x400ml,美极鲜味汁 12x400毫升,114,227.0,4049.2271
广东省,深圳市,美极鲜味汁24x200ml,美极鲜味汁 24x200毫升,132,280.0,3962.5706999999998
广东省,汕头市,美极鲜味汁12x400ml,美极鲜味汁 12x400毫升,117,216.0,3933.3943
广东省,江门市,美极鲜味汁12x400ml,美极鲜味汁 12x400毫升,123,215.0,3931.8833
山东省,潍坊市,美极鲜味汁12x400ml,美极鲜味汁 12x400毫升,109,220.0,3896.6382
河北省,保定市,美极鲜味汁12x400ml,美极鲜味汁 12x400毫升,114,198.0,3652.5891
广西壮族自治区,桂林市,美极鲜味汁12x400ml,美极鲜味汁 12x400毫升,84,194.0,3617.6714
江西省,赣州市,美极鲜味汁12x400ml,美极鲜味汁 12x400毫升,93,185.0,3524.2298
江苏省,徐州市,美极鲜味汁12x400ml,美极鲜味汁 12x400毫升,117,187.0,3471.0366
天津,天津市,美极鲜味汁24x200ml,美极鲜味汁 24x200毫升,129,242.0,3320.0508
山东省,临沂市,美极鲜味汁12x400ml,美极鲜味汁 12x400毫升,107,186.0,3216.8951
贵州省,贵阳市,美极鲜味汁12x400ml,美极鲜味汁 12x400毫升,91,169.0,3073.95
河北省,沧州市,美极鲜味汁12x400ml,美极鲜味汁 12x400毫升,100,168.0,3047.098
江苏省,镇江市,美极鲜味汁12x400ml,美极鲜味汁 12x400毫升,93,165.0,3021.6887
四川省,成都市,美极鲜味汁24x200ml,美极鲜味汁 24x200毫升,125,212.0,2991.0502
辽宁省,抚顺市,美极鲜味汁12x400ml,美极鲜味汁 12x400毫升,86,173.0,2871.9532
江苏省,扬州市,美极鲜味汁12x400ml,美极鲜味汁 12x400毫升,82,155.0,2834.0775
海南省,三亚市,美极鲜味汁12x400ml,美极鲜味汁 12x400毫升,66,157.0,2833.8584
广东省,东莞市,美极鲜味汁24x200ml,美极鲜味汁 24x200毫升,112,212.0,2831.7607
四川省,宜宾市,美极鲜味汁12x400ml,美极鲜味汁 12x400毫升,81,155.0,2798.4701
安徽省,阜阳市,美极鲜味汁12x400ml,美极鲜味汁 12x400毫升,88,154.0,2785.7834000000003
广东省,深圳市,美极鲜味汁28x100ml,美极鲜味汁 28x100毫升,171,287.0,2769.9698
山东省,济宁市,美极鲜味汁12x400ml,美极鲜味汁 12x400毫升,79,152.0,2739.6557
广西壮族自治区,柳州市,美极鲜味汁12x400ml,美极鲜味汁 12x400毫升,58,141.0,2708.1395
河北省,邯郸市,美极鲜味汁12x400ml,美极鲜味汁 12x400毫升,87,158.0,2674.2351
四川省,德阳市,美极鲜味汁12x400ml,美极鲜味汁 12x400毫升,76,152.0,2662.9404
河北省,秦皇岛市,美极鲜味汁12x400ml,美极鲜味汁 12x400毫升,76,148.0,2629.0425
河南省,洛阳市,美极鲜味汁12x400ml,美极鲜味汁 12x400毫升,83,140.0,2588.6347
重庆,重庆市,美极鲜味汁24x200ml,美极鲜味汁 24x200毫升,83,188.0,2585.0311
北京,北京市,美极鲜味汁28x100ml,美极鲜味汁 28x100毫升,148,278.0,2571.75
四川省,眉山市,美极鲜味汁12x400ml,美极鲜味汁 12x400毫升,66,143.0,2525.0009
湖北省,荆州市,美极鲜味汁12x400ml,美极鲜味汁 12x400毫升,59,140.0,2521.9301
河南省,南阳市,美极鲜味汁12x400ml,美极鲜味汁 12x400毫升,72,136.0,2511.7784
湖北省,宜昌市,美极鲜味汁12x400ml,美极鲜味汁 12x400毫升,73,131.0,2476.4393
福建省,宁德市,美极鲜味汁12x400ml,美极鲜味汁 12x400毫升,46,144.0,2476.1705
福建省,漳州市,美极鲜味汁12x400ml,美极鲜味汁 12x400毫升,73,134.0,2461.985
江西省,上饶市,美极鲜味汁12x400ml,美极鲜味汁 12x400毫升,58,129.0,2454.8102
湖北省,咸宁市,美极鲜味汁12x400ml,美极鲜味汁 12x400毫升,54,133.0,2449.3669
海南省,海口市,美极鲜味汁12x400ml,美极鲜味汁 12x400毫升,72,134.0,2428.9969
江苏省,淮安市,美极鲜味汁12x400ml,美极鲜味汁 12x400毫升,69,133.0,2412.7008
辽宁省,阜新市,美极鲜味汁12x400ml,美极鲜味汁 12x400毫升,69,133.0,2383.5101
安徽省,亳州市,美极鲜味汁12x400ml,美极鲜味汁 12x400毫升,61,128.0,2358.5291
安徽省,蚌埠市,美极鲜味汁12x400ml,美极鲜味汁 12x400毫升,60,127.0,2351.9505
河南省,信阳市,美极鲜味汁12x400ml,美极鲜味汁 12x400毫升,60,126.0,2317.9610000000002
广东省,揭阳市,美极鲜味汁12x400ml,美极鲜味汁 12x400毫升,69,125.0,2253.1781
安徽省,芜湖市,美极鲜味汁12x400ml,美极鲜味汁 12x400毫升,62,122.0,2235.35
海南省,省直辖县级行政区划,美极鲜味汁12x400ml,美极鲜味汁 12x400毫升,62,135.0,2231.1404
安徽省,六安市,美极鲜味汁12x400ml,美极鲜味汁 12x400毫升,60,122.0,2224.6084
安徽省,滁州市,美极鲜味汁12x400ml,美极鲜味汁 12x400毫升,60,116.0,2125.838
广东省,肇庆市,美极鲜味汁12x400ml,美极鲜味汁 12x400毫升,66,115.0,2119.2013
河南省,商丘市,美极鲜味汁12x400ml,美极鲜味汁 12x400毫升,62,120.0,2108.6964
贵州省,遵义市,美极鲜味汁12x400ml,美极鲜味汁 12x400毫升,51,113.0,2100.714
四川省,绵阳市,美极鲜味汁12x400ml,美极鲜味汁 12x400毫升,67,116.0,2091.3106
广东省,茂名市,美极鲜味汁12x400ml,美极鲜味汁 12x400毫升,74,111.0,2088.2033
辽宁省,朝阳市,美极鲜味汁12x400ml,美极鲜味汁 12x400毫升,57,117.0,2086.7904
浙江省,杭州市,美极鲜味汁24x200ml,美极鲜味汁 24x200毫升,74,149.0,2078.8506
山东省,菏泽市,美极鲜味汁12x400ml,美极鲜味汁 12x400毫升,72,111.0,2074.2393
江西省,九江市,美极鲜味汁12x400ml,美极鲜味汁 12x400毫升,54,117.0,2059.8912
湖北省,孝感市,美极鲜味汁12x400ml,美极鲜味汁 12x400毫升,55,117.0,2058.4102
湖北省,黄冈市,美极鲜味汁12x400ml,美极鲜味汁 12x400毫升,65,113.0,2045.2137
四川省,凉山彝族自治州,美极鲜味汁12x400ml,美极鲜味汁 12x400毫升,52,114.0,2027.8383000000001
山东省,日照市,美极鲜味汁12x400ml,美极鲜味汁 12x400毫升,38,113.0,2017.9201
湖北省,武汉市,美极鲜味汁24x200ml,美极鲜味汁 24x200毫升,64,143.0,2011.1806
广西壮族自治区,北海市,美极鲜味汁12x400ml,美极鲜味汁 12x400毫升,49,117.0,2002.5
四川省,泸州市,美极鲜味汁12x400ml,美极鲜味汁 12x400毫升,58,109.0,1988.5836
内蒙古自治区,呼伦贝尔市,美极鲜味汁12x400ml,美极鲜味汁 12x400毫升,35,127.0,1986.0724
江苏省,连云港市,美极鲜味汁12x400ml,美极鲜味汁 12x400毫升,57,110.0,1979.7488
吉林省,吉林市,美极鲜味汁12x400ml,美极鲜味汁 12x400毫升,61,112.0,1974.2893
河北省,张家口市,美极鲜味汁12x400ml,美极鲜味汁 12x400毫升,61,114.0,1958.8599
广东省,东莞市,美极鲜味汁28x100ml,美极鲜味汁 28x100毫升,110,199.0,1944.8806
广东省,清远市,美极鲜味汁12x400ml,美极鲜味汁 12x400毫升,59,105.0,1909.74
山西省,大同市,美极鲜味汁12x400ml,美极鲜味汁 12x400毫升,50,108.0,1906.5008
江苏省,宿迁市,美极鲜味汁12x400ml,美极鲜味汁 12x400毫升,58,102.0,1880.3225
四川省,达州市,美极鲜味汁12x400ml,美极鲜味汁 12x400毫升,50,102.0,1868.7783
江苏省,南京市,美极鲜味汁24x200ml,美极鲜味汁 24x200毫升,54,136.0,1857.7207
安徽省,宿州市,美极鲜味汁12x400ml,美极鲜味汁 12x400毫升,57,104.0,1856.21
辽宁省,辽阳市,美极鲜味汁12x400ml,美极鲜味汁 12x400毫升,64,110.0,1833.6486
陕西省,安康市,美极鲜味汁12x400ml,美极鲜味汁 12x400毫升,19,97.0,1826.2085
山东省,威海市,美极鲜味汁12x400ml,美极鲜味汁 12x400毫升,50,102.0,1826.0088
辽宁省,锦州市,美极鲜味汁12x400ml,美极鲜味汁 12x400毫升,54,93.0,1815.1678
安徽省,淮南市,美极鲜味汁12x400ml,美极鲜味汁 12x400毫升,55,99.0,1811.61
贵州省,黔西南布依族苗族自治州,美极鲜味汁12x400ml,美极鲜味汁 12x400毫升,27,109.0,1790.642
山东省,淄博市,美极鲜味汁12x400ml,美极鲜味汁 12x400毫升,61,99.0,1779.2938
福建省,莆田市,美极鲜味汁12x400ml,美极鲜味汁 12x400毫升,49,91.0,1768.9102
安徽省,宣城市,美极鲜味汁12x400ml,美极鲜味汁 12x400毫升,46,101.0,1753.582
湖北省,黄石市,美极鲜味汁12x400ml,美极鲜味汁 12x400毫升,32,93.0,1725.3708
河南省,驻马店市,美极鲜味汁12x400ml,美极鲜味汁 12x400毫升,51,94.0,1704.7108
湖北省,襄阳市,美极鲜味汁12x400ml,美极鲜味汁 12x400毫升,58,91.0,1689.7951
山东省,青岛市,美极鲜味汁24x200ml,美极鲜味汁 24x200毫升,40,119.0,1682.6404
辽宁省,铁岭市,美极鲜味汁12x400ml,美极鲜味汁 12x400毫升,46,98.0,1674.0788
甘肃省,兰州市,美极鲜味汁12x400ml,美极鲜味汁 12x400毫升,48,92.0,1672.4307000000001
江西省,宜春市,美极鲜味汁12x400ml,美极鲜味汁 12x400毫升,46,95.0,1665.5877
广东省,广州市,美极鲜味汁28x100ml,美极鲜味汁 28x100毫升,106,161.0,1609.21
河北省,邢台市,美极鲜味汁12x400ml,美极鲜味汁 12x400毫升,41,92.0,1606.0283
四川省,乐山市,美极鲜味汁12x400ml,美极鲜味汁 12x400毫升,47,91.0,1578.0463
广东省,韶关市,美极鲜味汁12x400ml,美极鲜味汁 12x400毫升,43,83.0,1570.6199
河南省,周口市,美极鲜味汁12x400ml,美极鲜味汁 12x400毫升,56,86.0,1568.008
河南省,焦作市,美极鲜味汁12x400ml,美极鲜味汁 12x400毫升,43,86.0,1565.93
辽宁省,营口市,美极鲜味汁12x400ml,美极鲜味汁 12x400毫升,51,89.0,1560.0403000000001
甘肃省,天水市,美极鲜味汁12x400ml,美极鲜味汁 12x400毫升,26,93.0,1557.9212
湖南省,常德市,美极鲜味汁12x400ml,美极鲜味汁 12x400毫升,33,82.0,1557.606
贵州省,铜仁市,美极鲜味汁12x400ml,美极鲜味汁 12x400毫升,42,83.0,1546.52
湖南省,邵阳市,美极鲜味汁12x400ml,美极鲜味汁 12x400毫升,39,84.0,1545.3595
云南省,西双版纳傣族自治州,美极鲜味汁12x400ml,美极鲜味汁 12x400毫升,23,80.0,1543.1298000000002
福建省,龙岩市,美极鲜味汁12x400ml,美极鲜味汁 12x400毫升,43,88.0,1539.8101
四川省,遂宁市,美极鲜味汁12x400ml,美极鲜味汁 12x400毫升,40,85.0,1535.4784
辽宁省,沈阳市,美极鲜味汁24x200ml,美极鲜味汁 24x200毫升,65,109.0,1490.9203
河南省,开封市,美极鲜味汁12x400ml,美极鲜味汁 12x400毫升,48,83.0,1480.8700000000001
山东省,德州市,美极鲜味汁12x400ml,美极鲜味汁 12x400毫升,48,87.0,1474.7525
浙江省,丽水市,美极鲜味汁12x400ml,美极鲜味汁 12x400毫升,38,80.0,1471.3093
湖北省,恩施土家族苗族自治州,美极鲜味汁12x400ml,美极鲜味汁 12x400毫升,42,77.0,1430.3601
广西壮族自治区,玉林市,美极鲜味汁12x400ml,美极鲜味汁 12x400毫升,45,82.0,1417.21
福建省,三明市,美极鲜味汁12x400ml,美极鲜味汁 12x400毫升,29,73.0,1416.578
四川省,南充市,美极鲜味汁12x400ml,美极鲜味汁 12x400毫升,44,82.0,1414.9553
湖南省,岳阳市,美极鲜味汁12x400ml,美极鲜味汁 12x400毫升,40,78.0,1388.3603
江苏省,常州市,美极鲜味汁24x200ml,美极鲜味汁 24x200毫升,49,98.0,1383.0901
山东省,滨州市,美极鲜味汁12x400ml,美极鲜味汁 12x400毫升,46,76.0,1372.3452
安徽省,安庆市,美极鲜味汁12x400ml,美极鲜味汁 12x400毫升,44,71.0,1371.92
山西省,晋中市,美极鲜味汁12x400ml,美极鲜味汁 12x400毫升,35,72.0,1352.428
辽宁省,葫芦岛市,美极鲜味汁12x400ml,美极鲜味汁 12x400毫升,39,83.0,1351.071
陕西省,榆林市,美极鲜味汁12x400ml,美极鲜味汁 12x400毫升,33,80.0,1350.0713
陕西省,渭南市,美极鲜味汁12x400ml,美极鲜味汁 12x400毫升,38,75.0,1340.99
辽宁省,盘锦市,美极鲜味汁12x400ml,美极鲜味汁 12x400毫升,35,72.0,1334.98
山西省,太原市,美极鲜味汁24x200ml,美极鲜味汁 24x200毫升,42,91.0,1333.8902
贵州省,毕节市,美极鲜味汁12x400ml,美极鲜味汁 12x400毫升,29,75.0,1326.7685000000001
辽宁省,丹东市,美极鲜味汁12x400ml,美极鲜味汁 12x400毫升,39,71.0,1322.7701
陕西省,西安市,美极鲜味汁24x200ml,美极鲜味汁 24x200毫升,46,93.0,1317.9404
浙江省,舟山市,美极鲜味汁12x400ml,美极鲜味汁 12x400毫升,40,70.0,1306.5754
广东省,河源市,美极鲜味汁12x400ml,美极鲜味汁 12x400毫升,29,73.0,1299.9793
湖南省,株洲市,美极鲜味汁12x400ml,美极鲜味汁 12x400毫升,31,72.0,1299.2888
湖北省,荆门市,美极鲜味汁12x400ml,美极鲜味汁 12x400毫升,37,72.0,1288.6699
安徽省,马鞍山市,美极鲜味汁12x400ml,美极鲜味汁 12x400毫升,38,67.0,1282.71
河北省,衡水市,美极鲜味汁12x400ml,美极鲜味汁 12x400毫升,42,71.0,1280.99
山东省,聊城市,美极鲜味汁12x400ml,美极鲜味汁 12x400毫升,37,74.0,1257.1804
湖北省,省直辖县级行政区划,美极鲜味汁12x400ml,美极鲜味汁 12x400毫升,31,76.0,1252.5612
黑龙江省,大庆市,美极鲜味汁12x400ml,美极鲜味汁 12x400毫升,39,70.0,1222.575
江西省,吉安市,美极鲜味汁12x400ml,美极鲜味汁 12x400毫升,34,65.0,1220.0203999999999
山东省,泰安市,美极鲜味汁12x400ml,美极鲜味汁 12x400毫升,45,64.0,1215.9786000000001
吉林省,通化市,美极鲜味汁12x400ml,美极鲜味汁 12x400毫升,40,72.0,1215.05
贵州省,黔东南苗族侗族自治州,美极鲜味汁12x400ml,美极鲜味汁 12x400毫升,33,65.0,1214.0303
云南省,昭通市,美极鲜味汁12x400ml,美极鲜味汁 12x400毫升,28,65.0,1212.8304
浙江省,衢州市,美极鲜味汁12x400ml,美极鲜味汁 12x400毫升,33,63.0,1192.8699
广东省,梅州市,美极鲜味汁12x400ml,美极鲜味汁 12x400毫升,33,66.0,1190.4172
四川省,成都市,美极鲜味汁28x100ml,美极鲜味汁 28x100毫升,74,132.0,1189.59
云南省,红河哈尼族彝族自治州,美极鲜味汁12x400ml,美极鲜味汁 12x400毫升,29,65.0,1169.0797
湖南省,郴州市,美极鲜味汁12x400ml,美极鲜味汁 12x400毫升,34,63.0,1135.19
福建省,南平市,美极鲜味汁12x400ml,美极鲜味汁 12x400毫升,29,59.0,1133.105
湖北省,鄂州市,美极鲜味汁12x400ml,美极鲜味汁 12x400毫升,20,62.0,1127.3604
四川省,内江市,美极鲜味汁12x400ml,美极鲜味汁 12x400毫升,31,62.0,1125.0501
安徽省,黄山市,美极鲜味汁12x400ml,美极鲜味汁 12x400毫升,22,61.0,1125.0104
广西壮族自治区,钦州市,美极鲜味汁12x400ml,美极鲜味汁 12x400毫升,32,61.0,1120.81
湖北省,十堰市,美极鲜味汁12x400ml,美极鲜味汁 12x400毫升,31,60.0,1118.6977
四川省,巴中市,美极鲜味汁12x400ml,美极鲜味汁 12x400毫升,27,63.0,1104.381
四川省,广安市,美极鲜味汁12x400ml,美极鲜味汁 12x400毫升,29,62.0,1092.3908000000001
广西壮族自治区,防城港市,美极鲜味汁12x400ml,美极鲜味汁 12x400毫升,25,62.0,1086.1508000000001
山西省,忻州市,美极鲜味汁12x400ml,美极鲜味汁 12x400毫升,26,61.0,1080.0
云南省,大理白族自治州,美极鲜味汁12x400ml,美极鲜味汁 12x400毫升,28,57.0,1077.7084
湖南省,娄底市,美极鲜味汁12x400ml,美极鲜味汁 12x400毫升,23,57.0,1058.4504
安徽省,池州市,美极鲜味汁12x400ml,美极鲜味汁 12x400毫升,21,61.0,1055.7476
河南省,平顶山市,美极鲜味汁12x400ml,美极鲜味汁 12x400毫升,32,57.0,1031.1
河南省,新乡市,美极鲜味汁12x400ml,美极鲜味汁 12x400毫升,35,59.0,1020.365
湖南省,永州市,美极鲜味汁12x400ml,美极鲜味汁 12x400毫升,31,56.0,1017.5004
江苏省,南通市,美极鲜味汁24x200ml,美极鲜味汁 24x200毫升,35,75.0,1016.0894999999999
广东省,汕尾市,美极鲜味汁12x400ml,美极鲜味汁 12x400毫升,35,54.0,1016.066
黑龙江省,齐齐哈尔市,美极鲜味汁12x400ml,美极鲜味汁 12x400毫升,29,61.0,1015.5505
湖南省,衡阳市,美极鲜味汁12x400ml,美极鲜味汁 12x400毫升,32,56.0,997.6800000000001
内蒙古自治区,呼和浩特市,美极鲜味汁12x400ml,美极鲜味汁 12x400毫升,31,57.0,996.52
江西省,景德镇市,美极鲜味汁12x400ml,美极鲜味汁 12x400毫升,27,54.0,993.2284
湖南省,益阳市,美极鲜味汁12x400ml,美极鲜味汁 12x400毫升,24,53.0,990.5906
河南省,许昌市,美极鲜味汁12x400ml,美极鲜味汁 12x400毫升,31,55.0,989.63
贵州省,黔南布依族苗族自治州,美极鲜味汁12x400ml,美极鲜味汁 12x400毫升,30,56.0,986.3473
河北省,承德市,美极鲜味汁12x400ml,美极鲜味汁 12x400毫升,32,53.0,982.6202
四川省,攀枝花市,美极鲜味汁12x400ml,美极鲜味汁 12x400毫升,24,52.0,982.05
陕西省,汉中市,美极鲜味汁12x400ml,美极鲜味汁 12x400毫升,31,52.0,978.6800000000001
山西省,吕梁市,美极鲜味汁12x400ml,美极鲜味汁 12x400毫升,24,52.0,963.2604
四川省,资阳市,美极鲜味汁12x400ml,美极鲜味汁 12x400毫升,29,52.0,961.8477
天津,天津市,美极鲜味汁28x100ml,美极鲜味汁 28x100毫升,58,106.0,955.4202
云南省,保山市,美极鲜味汁12x400ml,美极鲜味汁 12x400毫升,18,50.0,955.3604
陕西省,宝鸡市,美极鲜味汁12x400ml,美极鲜味汁 12x400毫升,28,51.0,952.8187
内蒙古自治区,乌兰察布市,美极鲜味汁12x400ml,美极鲜味汁 12x400毫升,17,53.0,947.4704
福建省,福州市,美极鲜味汁24x200ml,美极鲜味汁 24x200毫升,26,67.0,942.2108
山西省,运城市,美极鲜味汁12x400ml,美极鲜味汁 12x400毫升,29,55.0,936.2900000000001
湖南省,湘西土家族苗族自治州,美极鲜味汁12x400ml,美极鲜味汁 12x400毫升,22,48.0,929.1567
云南省,曲靖市,美极鲜味汁12x400ml,美极鲜味汁 12x400毫升,25,51.0,922.74
黑龙江省,绥化市,美极鲜味汁12x400ml,美极鲜味汁 12x400毫升,32,48.0,921.1600000000001
陕西省,商洛市,美极鲜味汁12x400ml,美极鲜味汁 12x400毫升,12,51.0,920.9808
广东省,珠海市,美极鲜味汁24x200ml,美极鲜味汁 24x200毫升,35,66.0,908.8001
河南省,安阳市,美极鲜味汁12x400ml,美极鲜味汁 12x400毫升,28,48.0,906.3580000000001
广西壮族自治区,梧州市,美极鲜味汁12x400ml,美极鲜味汁 12x400毫升,25,51.0,904.75
云南省,普洱市,美极鲜味汁12x400ml,美极鲜味汁 12x400毫升,19,54.0,900.9036
河南省,洛阳市,美极鲜味汁24x200ml,美极鲜味汁 24x200毫升,13,68.0,900.2309
贵州省,安顺市,美极鲜味汁12x400ml,美极鲜味汁 12x400毫升,25,48.0,893.7569
内蒙古自治区,赤峰市,美极鲜味汁12x400ml,美极鲜味汁 12x400毫升,25,52.0,870.8904
吉林省,延边朝鲜族自治州,美极鲜味汁12x400ml,美极鲜味汁 12x400毫升,26,47.0,865.9799
湖南省,怀化市,美极鲜味汁12x400ml,美极鲜味汁 12x400毫升,27,46.0,864.1182
广西壮族自治区,百色市,美极鲜味汁12x400ml,美极鲜味汁 12x400毫升,25,48.0,859.39
江苏省,苏州市,美极鲜味汁28x100ml,美极鲜味汁 28x100毫升,48,93.0,857.8702
广东省,阳江市,美极鲜味汁12x400ml,美极鲜味汁 12x400毫升,29,47.0,854.5945
贵州省,六盘水市,美极鲜味汁12x400ml,美极鲜味汁 12x400毫升,20,46.0,851.6768
广东省,佛山市,美极鲜味汁24x200ml,美极鲜味汁 24x200毫升,37,61.0,851.4104
山西省,临汾市,美极鲜味汁12x400ml,美极鲜味汁 12x400毫升,28,46.0,847.9300000000001
陕西省,延安市,美极鲜味汁12x400ml,美极鲜味汁 12x400毫升,14,49.0,847.0199
浙江省,杭州市,美极鲜味汁28x100ml,美极鲜味汁 28x100毫升,63,82.0,846.2402
湖北省,黄冈市,美极鲜味汁24x200ml,美极鲜味汁 24x200毫升,5,62.0,819.5306
辽宁省,大连市,美极鲜味汁24x200ml,美极鲜味汁 24x200毫升,33,58.0,799.9004
河南省,漯河市,美极鲜味汁12x400ml,美极鲜味汁 12x400毫升,26,46.0,795.4908
四川省,自贡市,美极鲜味汁12x400ml,美极鲜味汁 12x400毫升,27,44.0,788.6908
浙江省,湖州市,美极鲜味汁24x200ml,美极鲜味汁 24x200毫升,25,59.0,777.6903
江苏省,镇江市,美极鲜味汁24x200ml,美极鲜味汁 24x200毫升,17,53.0,765.0405999999999
安徽省,合肥市,美极鲜味汁24x200ml,美极鲜味汁 24x200毫升,30,59.0,764.4404
安徽省,淮北市,美极鲜味汁12x400ml,美极鲜味汁 12x400毫升,28,42.0,757.8781
江苏省,无锡市,美极鲜味汁24x200ml,美极鲜味汁 24x200毫升,36,54.0,756.7299
湖北省,随州市,美极鲜味汁12x400ml,美极鲜味汁 12x400毫升,20,42.0,752.5105
黑龙江省,牡丹江市,美极鲜味汁12x400ml,美极鲜味汁 12x400毫升,25,44.0,748.1977
山东省,东营市,美极鲜味汁12x400ml,美极鲜味汁 12x400毫升,22,39.0,747.86
河南省,濮阳市,美极鲜味汁12x400ml,美极鲜味汁 12x400毫升,24,42.0,743.87
广西壮族自治区,河池市,美极鲜味汁12x400ml,美极鲜味汁 12x400毫升,16,36.0,736.61
甘肃省,平凉市,美极鲜味汁12x400ml,美极鲜味汁 12x400毫升,17,46.0,735.4
广东省,云浮市,美极鲜味汁12x400ml,美极鲜味汁 12x400毫升,25,42.0,734.07
江西省,抚州市,美极鲜味汁12x400ml,美极鲜味汁 12x400毫升,24,41.0,730.38
山西省,长治市,美极鲜味汁12x400ml,美极鲜味汁 12x400毫升,24,39.0,724.9493
福建省,厦门市,美极鲜味汁24x200ml,美极鲜味汁 24x200毫升,23,48.0,722.8701
黑龙江省,哈尔滨市,美极鲜味汁24x200ml,美极鲜味汁 24x200毫升,33,51.0,722.8401
浙江省,宁波市,美极鲜味汁24x200ml,美极鲜味汁 24x200毫升,27,50.0,721.7
山东省,枣庄市,美极鲜味汁12x400ml,美极鲜味汁 12x400毫升,21,39.0,713.95
江苏省,南京市,美极鲜味汁28x100ml,美极鲜味汁 28x100毫升,49,66.0,701.42
黑龙江省,鹤岗市,美极鲜味汁12x400ml,美极鲜味汁 12x400毫升,21,38.0,696.2180000000001
广东省,惠州市,美极鲜味汁24x200ml,美极鲜味汁 24x200毫升,30,52.0,695.9
吉林省,四平市,美极鲜味汁12x400ml,美极鲜味汁 12x400毫升,21,41.0,693.25
广西壮族自治区,贵港市,美极鲜味汁12x400ml,美极鲜味汁 12x400毫升,25,40.0,682.9593
四川省,雅安市,美极鲜味汁12x400ml,美极鲜味汁 12x400毫升,18,36.0,674.9979
四川省,广元市,美极鲜味汁12x400ml,美极鲜味汁 12x400毫升,20,36.0,672.3593
内蒙古自治区,包头市,美极鲜味汁12x400ml,美极鲜味汁 12x400毫升,21,40.0,671.5600000000001
广东省,潮州市,美极鲜味汁12x400ml,美极鲜味汁 12x400毫升,20,35.0,663.8608
湖北省,仙桃市,美极鲜味汁12x400ml,美极鲜味汁 12x400毫升,17,32.0,657.358
陕西省,咸阳市,美极鲜味汁24x200ml,美极鲜味汁 24x200毫升,24,47.0,649.3904
山西省,朔州市,美极鲜味汁12x400ml,美极鲜味汁 12x400毫升,21,34.0,643.8183
吉林省,长春市,美极鲜味汁24x200ml,美极鲜味汁 24x200毫升,30,47.0,641.9402
云南省,丽江市,美极鲜味汁12x400ml,美极鲜味汁 12x400毫升,17,34.0,631.17
浙江省,金华市,美极鲜味汁24x200ml,美极鲜味汁 24x200毫升,29,46.0,628.08
湖南省,张家界市,美极鲜味汁12x400ml,美极鲜味汁 12x400毫升,19,33.0,617.62
广东省,珠海市,美极鲜味汁28x100ml,美极鲜味汁 28x100毫升,19,63.0,615.25
江苏省,镇江市,美极鲜味汁28x100ml,美极鲜味汁 28x100毫升,17,64.0,612.6604
湖北省,十堰市,美极鲜味汁24x200ml,美极鲜味汁 24x200毫升,7,44.0,609.6504
河北省,唐山市,美极鲜味汁24x200ml,美极鲜味汁 24x200毫升,28,45.0,608.2601
辽宁省,本溪市,美极鲜味汁12x400ml,美极鲜味汁 12x400毫升,21,31.0,584.16
黑龙江省,佳木斯市,美极鲜味汁12x400ml,美极鲜味汁 12x400毫升,18,32.0,584.0133000000001
广东省,中山市,美极鲜味汁24x200ml,美极鲜味汁 24x200毫升,28,43.0,580.2801
河南省,郑州市,美极鲜味汁24x200ml,美极鲜味汁 24x200毫升,28,43.0,576.8503000000001
海南省,儋州市,美极鲜味汁12x400ml,美极鲜味汁 12x400毫升,16,33.0,575.85
黑龙江省,双鸭山市,美极鲜味汁12x400ml,美极鲜味汁 12x400毫升,17,29.0,575.588
吉林省,白城市,美极鲜味汁12x400ml,美极鲜味汁 12x400毫升,18,34.0,571.0600000000001
四川省,阿坝藏族羌族自治州,美极鲜味汁12x400ml,美极鲜味汁 12x400毫升,16,33.0,568.24
广西壮族自治区,贺州市,美极鲜味汁12x400ml,美极鲜味汁 12x400毫升,17,30.0,564.7419
甘肃省,陇南市,美极鲜味汁12x400ml,美极鲜味汁 12x400毫升,15,32.0,543.72
广西壮族自治区,来宾市,美极鲜味汁12x400ml,美极鲜味汁 12x400毫升,17,28.0,533.3793000000001
辽宁省,沈阳市,美极鲜味汁28x100ml,美极鲜味汁 28x100毫升,36,56.0,518.2
四川省,甘孜藏族自治州,美极鲜味汁12x400ml,美极鲜味汁 12x400毫升,13,27.0,518.1
广西壮族自治区,南宁市,美极鲜味汁24x200ml,美极鲜味汁 24x200毫升,23,36.0,517.4998
江西省,萍乡市,美极鲜味汁12x400ml,美极鲜味汁 12x400毫升,14,28.0,515.9001
重庆,重庆市,美极鲜味汁28x100ml,美极鲜味汁 28x100毫升,33,53.0,510.72
云南省,文山壮族苗族自治州,美极鲜味汁12x400ml,美极鲜味汁 12x400毫升,14,27.0,508.438
黑龙江省,鸡西市,美极鲜味汁12x400ml,美极鲜味汁 12x400毫升,16,28.0,507.8
江西省,鹰潭市,美极鲜味汁12x400ml,美极鲜味汁 12x400毫升,17,28.0,498.92
云南省,玉溪市,美极鲜味汁12x400ml,美极鲜味汁 12x400毫升,16,28.0,497.8509
河北省,石家庄市,美极鲜味汁24x200ml,美极鲜味汁 24x200毫升,21,36.0,495.53
海南省,三亚市,美极鲜味汁24x200ml,美极鲜味汁 24x200毫升,11,37.0,490.9504
浙江省,温州市,美极鲜味汁24x200ml,美极鲜味汁 24x200毫升,21,35.0,490.6901
内蒙古自治区,鄂尔多斯市,美极鲜味汁12x400ml,美极鲜味汁 12x400毫升,15,30.0,485.87
湖南省,湘潭市,美极鲜味汁12x400ml,美极鲜味汁 12x400毫升,16,26.0,483.3393
江西省,南昌市,美极鲜味汁24x200ml,美极鲜味汁 24x200毫升,23,35.0,482.8803
黑龙江省,大兴安岭地区,美极鲜味汁12x400ml,美极鲜味汁 12x400毫升,12,26.0,478.8164
湖北省,武汉市,美极鲜味汁28x100ml,美极鲜味汁 28x100毫升,36,49.0,475.21
吉林省,松原市,美极鲜味汁12x400ml,美极鲜味汁 12x400毫升,15,28.0,473.078
广东省,佛山市,美极鲜味汁28x100ml,美极鲜味汁 28x100毫升,32,46.0,470.91
陕西省,西安市,美极鲜味汁28x100ml,美极鲜味汁 28x100毫升,23,54.0,470.7604
山西省,阳泉市,美极鲜味汁12x400ml,美极鲜味汁 12x400毫升,14,25.0,470.76
吉林省,辽源市,美极鲜味汁12x400ml,美极鲜味汁 12x400毫升,16,26.0,468.17
云南省,楚雄彝族自治州,美极鲜味汁12x400ml,美极鲜味汁 12x400毫升,13,24.0,454.608
宁夏回族自治区,银川市,美极鲜味汁12x400ml,美极鲜味汁 12x400毫升,12,25.0,452.81
河南省,三门峡市,美极鲜味汁12x400ml,美极鲜味汁 12x400毫升,14,26.0,450.98
安徽省,铜陵市,美极鲜味汁12x400ml,美极鲜味汁 12x400毫升,14,22.0,450.69010000000003
安徽省,淮南市,美极鲜味汁24x200ml,美极鲜味汁 24x200毫升,10,33.0,444.8199
福建省,泉州市,美极鲜味汁24x200ml,美极鲜味汁 24x200毫升,20,31.0,429.8302
辽宁省,鞍山市,美极鲜味汁24x200ml,美极鲜味汁 24x200毫升,17,32.0,427.8801
山西省,晋城市,美极鲜味汁12x400ml,美极鲜味汁 12x400毫升,14,23.0,421.66
江苏省,常州市,美极鲜味汁28x100ml,美极鲜味汁 28x100毫升,26,42.0,419.06
山东省,济南市,美极鲜味汁24x200ml,美极鲜味汁 24x200毫升,19,31.0,417.6501
河北省,保定市,美极鲜味汁24x200ml,美极鲜味汁 24x200毫升,17,31.0,415.5501
江苏省,无锡市,美极鲜味汁28x100ml,美极鲜味汁 28x100毫升,29,38.0,405.15
甘肃省,庆阳市,美极鲜味汁12x400ml,美极鲜味汁 12x400毫升,12,22.0,404.73
河北省,廊坊市,美极鲜味汁24x200ml,美极鲜味汁 24x200毫升,18,29.0,390.9
湖南省,长沙市,美极鲜味汁24x200ml,美极鲜味汁 24x200毫升,21,26.0,383.42
黑龙江省,伊春市,美极鲜味汁12x400ml,美极鲜味汁 12x400毫升,9,21.0,381.38
河南省,鹤壁市,美极鲜味汁12x400ml,美极鲜味汁 12x400毫升,12,22.0,380.4486
广东省,江门市,美极鲜味汁24x200ml,美极鲜味汁 24x200毫升,18,29.0,374.0099
广东省,汕头市,美极鲜味汁24x200ml,美极鲜味汁 24x200毫升,16,26.0,370.27979999999997
吉林省,白山市,美极鲜味汁12x400ml,美极鲜味汁 12x400毫升,9,21.0,365.5097
甘肃省,临夏回族自治州,美极鲜味汁12x400ml,美极鲜味汁 12x400毫升,6,20.0,364.1708
浙江省,嘉兴市,美极鲜味汁24x200ml,美极鲜味汁 24x200毫升,20,24.0,353.65
云南省,德宏傣族景颇族自治州,美极鲜味汁12x400ml,美极鲜味汁 12x400毫升,9,18.0,347.95
黑龙江省,黑河市,美极鲜味汁12x400ml,美极鲜味汁 12x400毫升,10,19.0,347.5
甘肃省,兰州市,美极鲜味汁24x200ml,美极鲜味汁 24x200毫升,9,24.0,347.05039999999997
浙江省,台州市,美极鲜味汁24x200ml,美极鲜味汁 24x200毫升,14,26.0,344.7603
海南省,海口市,美极鲜味汁24x200ml,美极鲜味汁 24x200毫升,18,25.0,343.9801
广东省,汕尾市,美极鲜味汁28x100ml,美极鲜味汁 28x100毫升,7,46.0,343.241
辽宁省,大连市,美极鲜味汁28x100ml,美极鲜味汁 28x100毫升,22,35.0,337.49
黑龙江省,哈尔滨市,美极鲜味汁28x100ml,美极鲜味汁 28x100毫升,17,40.0,336.5696
内蒙古自治区,巴彦淖尔市,美极鲜味汁12x400ml,美极鲜味汁 12x400毫升,6,20.0,333.1704
青海省,西宁市,美极鲜味汁12x400ml,美极鲜味汁 12x400毫升,8,19.0,332.7604
江苏省,南通市,美极鲜味汁28x100ml,美极鲜味汁 28x100毫升,20,36.0,325.4001
广东省,中山市,美极鲜味汁28x100ml,美极鲜味汁 28x100毫升,24,34.0,325.3
江苏省,扬州市,美极鲜味汁24x200ml,美极鲜味汁 24x200毫升,9,25.0,323.67
山东省,潍坊市,美极鲜味汁24x200ml,美极鲜味汁 24x200毫升,9,22.0,321.79
河北省,沧州市,美极鲜味汁24x200ml,美极鲜味汁 24x200毫升,15,23.0,316.5999
江苏省,淮安市,美极鲜味汁24x200ml,美极鲜味汁 24x200毫升,11,23.0,310.71999999999997
河北省,邢台市,美极鲜味汁24x200ml,美极鲜味汁 24x200毫升,10,22.0,309.31
湖北省,天门市,美极鲜味汁12x400ml,美极鲜味汁 12x400毫升,9,15.0,308.85
海南省,澄迈县,美极鲜味汁12x400ml,美极鲜味汁 12x400毫升,6,16.0,308.49
河北省,秦皇岛市,美极鲜味汁24x200ml,美极鲜味汁 24x200毫升,10,22.0,305.0702
陕西省,咸阳市,美极鲜味汁28x100ml,美极鲜味汁 28x100毫升,9,28.0,304.47
内蒙古自治区,通辽市,美极鲜味汁12x400ml,美极鲜味汁 12x400毫升,9,18.0,302.02
内蒙古自治区,呼和浩特市,美极鲜味汁24x200ml,美极鲜味汁 24x200毫升,14,23.0,298.93
贵州省,遵义市,美极鲜味汁24x200ml,美极鲜味汁 24x200毫升,8,21.0,298.4504
海南省,省直辖县级行政区划,美极鲜味汁24x200ml,美极鲜味汁 24x200毫升,13,22.0,298.13
云南省,临沧市,美极鲜味汁12x400ml,美极鲜味汁 12x400毫升,8,15.0,297.57
福建省,泉州市,美极鲜味汁28x100ml,美极鲜味汁 28x100毫升,14,34.0,297.25
浙江省,湖州市,美极鲜味汁28x100ml,美极鲜味汁 28x100毫升,13,35.0,297.1404
河北省,石家庄市,美极鲜味汁28x100ml,美极鲜味汁 28x100毫升,17,33.0,296.6196
四川省,绵阳市,美极鲜味汁24x200ml,美极鲜味汁 24x200毫升,14,22.0,296.4099
四川省,乐山市,美极鲜味汁28x100ml,美极鲜味汁 28x100毫升,11,28.0,293.93
云南省,怒江傈僳族自治州,美极鲜味汁12x400ml,美极鲜味汁 12x400毫升,4,17.0,293.2804
辽宁省,抚顺市,美极鲜味汁24x200ml,美极鲜味汁 24x200毫升,13,21.0,291.3898
山东省,青岛市,美极鲜味汁28x100ml,美极鲜味汁 28x100毫升,22,30.0,291.2
江西省,新余市,美极鲜味汁12x400ml,美极鲜味汁 12x400毫升,10,15.0,289.18
广东省,湛江市,美极鲜味汁24x200ml,美极鲜味汁 24x200毫升,12,20.0,289.15000000000003
内蒙古自治区,兴安盟,美极鲜味汁12x400ml,美极鲜味汁 12x400毫升,8,18.0,286.48
湖南省,长沙市,美极鲜味汁28x100ml,美极鲜味汁 28x100毫升,21,29.0,285.61
河南省,驻马店市,美极鲜味汁24x200ml,美极鲜味汁 24x200毫升,10,22.0,280.7402
浙江省,宁波市,美极鲜味汁28x100ml,美极鲜味汁 28x100毫升,18,26.0,278.4001
广东省,汕头市,美极鲜味汁28x100ml,美极鲜味汁 28x100毫升,17,29.0,278.14
河北省,保定市,美极鲜味汁28x100ml,美极鲜味汁 28x100毫升,13,32.0,278.0806
福建省,厦门市,美极鲜味汁28x100ml,美极鲜味汁 28x100毫升,19,27.0,276.02
吉林省,四平市,美极鲜味汁24x200ml,美极鲜味汁 24x200毫升,7,20.0,275.8402
河北省,张家口市,美极鲜味汁24x200ml,美极鲜味汁 24x200毫升,7,19.0,254.26999999999998
江苏省,宿迁市,美极鲜味汁24x200ml,美极鲜味汁 24x200毫升,12,18.0,254.2101
广西壮族自治区,桂林市,美极鲜味汁24x200ml,美极鲜味汁 24x200毫升,13,17.0,249.51
江苏省,徐州市,美极鲜味汁24x200ml,美极鲜味汁 24x200毫升,12,18.0,248.7301
河南省,郑州市,美极鲜味汁28x100ml,美极鲜味汁 28x100毫升,16,28.0,247.99
内蒙古自治区,锡林郭勒盟,美极鲜味汁12x400ml,美极鲜味汁 12x400毫升,6,15.0,244.1804
黑龙江省,大庆市,美极鲜味汁24x200ml,美极鲜味汁 24x200毫升,7,19.0,241.4508
海南省,文昌市,美极鲜味汁12x400ml,美极鲜味汁 12x400毫升,6,12.0,240.0177
广东省,揭阳市,美极鲜味汁24x200ml,美极鲜味汁 24x200毫升,12,17.0,237.36
河南省,南阳市,美极鲜味汁24x200ml,美极鲜味汁 24x200毫升,13,16.0,233.37
四川省,泸州市,美极鲜味汁24x200ml,美极鲜味汁 24x200毫升,7,18.0,230.6798
山东省,烟台市,美极鲜味汁24x200ml,美极鲜味汁 24x200毫升,11,16.0,230.36
山西省,太原市,美极鲜味汁28x100ml,美极鲜味汁 28x100毫升,18,23.0,226.37
河南省,周口市,美极鲜味汁24x200ml,美极鲜味汁 24x200毫升,10,16.0,221.51
辽宁省,辽阳市,美极鲜味汁24x200ml,美极鲜味汁 24x200毫升,10,16.0,218.92000000000002
山东省,菏泽市,美极鲜味汁24x200ml,美极鲜味汁 24x200毫升,11,15.0,218.2201
安徽省,六安市,美极鲜味汁24x200ml,美极鲜味汁 24x200毫升,10,15.0,216.29
浙江省,绍兴市,美极鲜味汁24x200ml,美极鲜味汁 24x200毫升,12,15.0,216.25
四川省,达州市,美极鲜味汁24x200ml,美极鲜味汁 24x200毫升,6,16.0,213.5301
辽宁省,鞍山市,美极鲜味汁28x100ml,美极鲜味汁 28x100毫升,13,29.0,207.5902
四川省,宜宾市,美极鲜味汁24x200ml,美极鲜味汁 24x200毫升,8,15.0,206.9
广西壮族自治区,柳州市,美极鲜味汁24x200ml,美极鲜味汁 24x200毫升,6,14.0,206.70010000000002
安徽省,滁州市,美极鲜味汁24x200ml,美极鲜味汁 24x200毫升,9,14.0,203.54
福建省,福州市,美极鲜味汁28x100ml,美极鲜味汁 28x100毫升,15,19.0,202.87
内蒙古自治区,呼伦贝尔市,美极鲜味汁24x200ml,美极鲜味汁 24x200毫升,4,15.0,202.68
广东省,惠州市,美极鲜味汁28x100ml,美极鲜味汁 28x100毫升,14,22.0,200.6902
安徽省,阜阳市,美极鲜味汁24x200ml,美极鲜味汁 24x200毫升,9,15.0,199.5601
江西省,南昌市,美极鲜味汁28x100ml,美极鲜味汁 28x100毫升,12,23.0,197.71
湖北省,神农架林区,美极鲜味汁12x400ml,美极鲜味汁 12x400毫升,2,10.0,197.51
海南省,乐东黎族自治县,美极鲜味汁12x400ml,美极鲜味汁 12x400毫升,5,10.0,196.56
海南省,陵水黎族自治县,美极鲜味汁12x400ml,美极鲜味汁 12x400毫升,4,10.0,195.57
河北省,邯郸市,美极鲜味汁24x200ml,美极鲜味汁 24x200毫升,9,14.0,194.99
辽宁省,葫芦岛市,美极鲜味汁24x200ml,美极鲜味汁 24x200毫升,9,14.0,192.9401
辽宁省,朝阳市,美极鲜味汁24x200ml,美极鲜味汁 24x200毫升,11,13.0,191.62
浙江省,嘉兴市,美极鲜味汁28x100ml,美极鲜味汁 28x100毫升,8,18.0,187.0
内蒙古自治区,包头市,美极鲜味汁24x200ml,美极鲜味汁 24x200毫升,7,14.0,185.4197
河南省,信阳市,美极鲜味汁24x200ml,美极鲜味汁 24x200毫升,11,13.0,185.07
海南省,定安县,美极鲜味汁12x400ml,美极鲜味汁 12x400毫升,4,9.0,184.47
湖南省,常德市,美极鲜味汁24x200ml,美极鲜味汁 24x200毫升,7,14.0,183.07000000000002
云南省,昆明市,美极鲜味汁24x200ml,美极鲜味汁 24x200毫升,9,12.0,182.99
山东省,枣庄市,美极鲜味汁24x200ml,美极鲜味汁 24x200毫升,8,13.0,182.67000000000002
河北省,唐山市,美极鲜味汁28x100ml,美极鲜味汁 28x100毫升,8,24.0,182.29000000000002
广东省,茂名市,美极鲜味汁24x200ml,美极鲜味汁 24x200毫升,9,14.0,180.2
河南省,焦作市,美极鲜味汁24x200ml,美极鲜味汁 24x200毫升,7,13.0,179.4402
四川省,广元市,美极鲜味汁24x200ml,美极鲜味汁 24x200毫升,8,14.0,178.7001
湖南省,永州市,美极鲜味汁24x200ml,美极鲜味汁 24x200毫升,10,14.0,178.5799
吉林省,松原市,美极鲜味汁24x200ml,美极鲜味汁 24x200毫升,5,13.0,177.7199
广东省,梅州市,美极鲜味汁24x200ml,美极鲜味汁 24x200毫升,5,13.0,177.09
江苏省,盐城市,美极鲜味汁24x200ml,美极鲜味汁 24x200毫升,11,12.0,176.17000000000002
广西壮族自治区,北海市,美极鲜味汁24x200ml,美极鲜味汁 24x200毫升,8,12.0,175.5001
安徽省,芜湖市,美极鲜味汁24x200ml,美极鲜味汁 24x200毫升,9,13.0,175.19
广西壮族自治区,百色市,美极鲜味汁24x200ml,美极鲜味汁 24x200毫升,5,13.0,173.5502
湖北省,宜昌市,美极鲜味汁24x200ml,美极鲜味汁 24x200毫升,7,12.0,173.30020000000002
山东省,临沂市,美极鲜味汁24x200ml,美极鲜味汁 24x200毫升,9,12.0,169.81
山西省,大同市,美极鲜味汁28x100ml,美极鲜味汁 28x100毫升,8,20.0,168.12959999999998
宁夏回族自治区,石嘴山市,美极鲜味汁12x400ml,美极鲜味汁 12x400毫升,5,10.0,167.94
四川省,眉山市,美极鲜味汁24x200ml,美极鲜味汁 24x200毫升,7,12.0,167.76
海南省,五指山市,美极鲜味汁12x400ml,美极鲜味汁 12x400毫升,5,9.0,165.29
吉林省,吉林市,美极鲜味汁24x200ml,美极鲜味汁 24x200毫升,8,12.0,163.37
江苏省,扬州市,美极鲜味汁28x100ml,美极鲜味汁 28x100毫升,6,19.0,159.90959999999998
云南省,迪庆藏族自治州,美极鲜味汁12x400ml,美极鲜味汁 12x400毫升,5,10.0,159.88
山西省,长治市,美极鲜味汁24x200ml,美极鲜味汁 24x200毫升,9,12.0,158.4
黑龙江省,七台河市,美极鲜味汁12x400ml,美极鲜味汁 12x400毫升,5,9.0,158.27
海南省,海口市,美极鲜味汁28x100ml,美极鲜味汁 28x100毫升,8,18.0,156.66
江西省,吉安市,美极鲜味汁24x200ml,美极鲜味汁 24x200毫升,6,11.0,154.81
湖南省,娄底市,美极鲜味汁24x200ml,美极鲜味汁 24x200毫升,5,11.0,153.74020000000002
甘肃省,定西市,美极鲜味汁12x400ml,美极鲜味汁 12x400毫升,2,8.0,152.99
吉林省,通化市,美极鲜味汁24x200ml,美极鲜味汁 24x200毫升,6,11.0,151.8
福建省,漳州市,美极鲜味汁24x200ml,美极鲜味汁 24x200毫升,6,11.0,151.42000000000002
江西省,上饶市,美极鲜味汁24x200ml,美极鲜味汁 24x200毫升,8,11.0,150.84
辽宁省,锦州市,美极鲜味汁24x200ml,美极鲜味汁 24x200毫升,7,10.0,150.77
贵州省,贵阳市,美极鲜味汁24x200ml,美极鲜味汁 24x200毫升,10,10.0,149.65
海南省,临高县,美极鲜味汁12x400ml,美极鲜味汁 12x400毫升,2,7.0,148.91
河北省,沧州市,美极鲜味汁28x100ml,美极鲜味汁 28x100毫升,11,14.0,147.73000000000002
山东省,德州市,美极鲜味汁24x200ml,美极鲜味汁 24x200毫升,7,11.0,147.63
河北省,廊坊市,美极鲜味汁28x100ml,美极鲜味汁 28x100毫升,8,16.0,147.07999999999998
浙江省,温州市,美极鲜味汁28x100ml,美极鲜味汁 28x100毫升,13,14.0,146.68
甘肃省,金昌市,美极鲜味汁12x400ml,美极鲜味汁 12x400毫升,5,8.0,146.63
吉林省,辽源市,美极鲜味汁24x200ml,美极鲜味汁 24x200毫升,3,9.0,146.4
浙江省,金华市,美极鲜味汁28x100ml,美极鲜味汁 28x100毫升,11,15.0,146.38
山东省,济宁市,美极鲜味汁24x200ml,美极鲜味汁 24x200毫升,7,10.0,145.29000000000002
安徽省,蚌埠市,美极鲜味汁24x200ml,美极鲜味汁 24x200毫升,7,10.0,145.13
甘肃省,酒泉市,美极鲜味汁12x400ml,美极鲜味汁 12x400毫升,6,7.0,144.9
山西省,阳泉市,美极鲜味汁24x200ml,美极鲜味汁 24x200毫升,5,12.0,144.5098
辽宁省,铁岭市,美极鲜味汁24x200ml,美极鲜味汁 24x200毫升,8,10.0,144.35999999999999
辽宁省,阜新市,美极鲜味汁24x200ml,美极鲜味汁 24x200毫升,7,10.0,144.19
四川省,内江市,美极鲜味汁24x200ml,美极鲜味汁 24x200毫升,5,10.0,141.3198
河南省,商丘市,美极鲜味汁24x200ml,美极鲜味汁 24x200毫升,7,10.0,140.13
甘肃省,武威市,美极鲜味汁12x400ml,美极鲜味汁 12x400毫升,4,8.0,137.39000000000001
山西省,大同市,美极鲜味汁24x200ml,美极鲜味汁 24x200毫升,6,10.0,137.2001
湖北省,荆门市,美极鲜味汁28x100ml,美极鲜味汁 28x100毫升,7,13.0,136.9498
江苏省,泰州市,美极鲜味汁24x200ml,美极鲜味汁 24x200毫升,7,10.0,136.93
四川省,绵阳市,美极鲜味汁28x100ml,美极鲜味汁 28x100毫升,5,17.0,136.5002
湖北省,潜江市,美极鲜味汁12x400ml,美极鲜味汁 12x400毫升,4,7.0,135.82
甘肃省,甘南藏族自治州,美极鲜味汁12x400ml,美极鲜味汁 12x400毫升,3,8.0,135.68
湖北省,黄石市,美极鲜味汁24x200ml,美极鲜味汁 24x200毫升,8,10.0,133.73
山东省,济南市,美极鲜味汁28x100ml,美极鲜味汁 28x100毫升,11,13.0,131.69
甘肃省,张掖市,美极鲜味汁12x400ml,美极鲜味汁 12x400毫升,5,7.0,131.51
甘肃省,白银市,美极鲜味汁12x400ml,美极鲜味汁 12x400毫升,5,7.0,130.99
贵州省,贵阳市,美极鲜味汁28x100ml,美极鲜味汁 28x100毫升,7,16.0,130.92
山西省,临汾市,美极鲜味汁28x100ml,美极鲜味汁 28x100毫升,3,12.0,130.81
陕西省,铜川市,美极鲜味汁12x400ml,美极鲜味汁 12x400毫升,4,7.0,130.39000000000001
安徽省,合肥市,美极鲜味汁28x100ml,美极鲜味汁 28x100毫升,12,12.0,129.73
河南省,济源市,美极鲜味汁12x400ml,美极鲜味汁 12x400毫升,2,6.0,128.41
四川省,南充市,美极鲜味汁24x200ml,美极鲜味汁 24x200毫升,6,8.0,127.46
宁夏回族自治区,中卫市,美极鲜味汁12x400ml,美极鲜味汁 12x400毫升,4,8.0,127.19
吉林省,延边朝鲜族自治州,美极鲜味汁24x200ml,美极鲜味汁 24x200毫升,6,9.0,126.28999999999999
浙江省,绍兴市,美极鲜味汁28x100ml,美极鲜味汁 28x100毫升,7,12.0,125.7502
山东省,莱芜市,美极鲜味汁12x400ml,美极鲜味汁 12x400毫升,4,7.0,125.58
湖南省,怀化市,美极鲜味汁24x200ml,美极鲜味汁 24x200毫升,3,9.0,124.86999999999999
广东省,潮州市,美极鲜味汁24x200ml,美极鲜味汁 24x200毫升,3,9.0,124.7
广东省,清远市,美极鲜味汁28x100ml,美极鲜味汁 28x100毫升,6,14.0,124.61
甘肃省,白银市,美极鲜味汁24x200ml,美极鲜味汁 24x200毫升,5,9.0,124.22999999999999
江西省,九江市,美极鲜味汁28x100ml,美极鲜味汁 28x100毫升,7,15.0,123.62
福建省,宁德市,美极鲜味汁24x200ml,美极鲜味汁 24x200毫升,5,9.0,123.3699
辽宁省,抚顺市,美极鲜味汁28x100ml,美极鲜味汁 28x100毫升,5,16.0,123.3398
贵州省,安顺市,美极鲜味汁24x200ml,美极鲜味汁 24x200毫升,6,9.0,119.53
河南省,新乡市,美极鲜味汁24x200ml,美极鲜味汁 24x200毫升,6,9.0,119.52
四川省,自贡市,美极鲜味汁24x200ml,美极鲜味汁 24x200毫升,7,8.0,119.42
四川省,资阳市,美极鲜味汁24x200ml,美极鲜味汁 24x200毫升,6,9.0,118.43
青海省,海南藏族自治州,美极鲜味汁12x400ml,美极鲜味汁 12x400毫升,4,7.0,117.45
四川省,宜宾市,美极鲜味汁28x100ml,美极鲜味汁 28x100毫升,7,11.0,117.18
福建省,三明市,美极鲜味汁24x200ml,美极鲜味汁 24x200毫升,5,8.0,117.03
四川省,德阳市,美极鲜味汁24x200ml,美极鲜味汁 24x200毫升,5,9.0,115.74
安徽省,淮北市,美极鲜味汁24x200ml,美极鲜味汁 24x200毫升,5,9.0,115.6701
广西壮族自治区,南宁市,美极鲜味汁28x100ml,美极鲜味汁 28x100毫升,11,11.0,114.18
辽宁省,朝阳市,美极鲜味汁28x100ml,美极鲜味汁 28x100毫升,3,15.0,113.86959999999999
江苏省,泰州市,美极鲜味汁28x100ml,美极鲜味汁 28x100毫升,7,11.0,113.70989999999999
四川省,乐山市,美极鲜味汁24x200ml,美极鲜味汁 24x200毫升,6,8.0,113.55
广西壮族自治区,防城港市,美极鲜味汁24x200ml,美极鲜味汁 24x200毫升,4,8.0,113.2
湖北省,荆州市,美极鲜味汁28x100ml,美极鲜味汁 28x100毫升,4,10.0,113.0
山西省,吕梁市,美极鲜味汁24x200ml,美极鲜味汁 24x200毫升,6,8.0,111.78999999999999
江西省,宜春市,美极鲜味汁24x200ml,美极鲜味汁 24x200毫升,5,8.0,111.42
浙江省,台州市,美极鲜味汁28x100ml,美极鲜味汁 28x100毫升,8,10.0,109.21000000000001
江苏省,淮安市,美极鲜味汁28x100ml,美极鲜味汁 28x100毫升,3,14.0,108.0296
河北省,衡水市,美极鲜味汁24x200ml,美极鲜味汁 24x200毫升,5,8.0,107.49
安徽省,亳州市,美极鲜味汁24x200ml,美极鲜味汁 24x200毫升,5,8.0,106.9
黑龙江省,绥化市,美极鲜味汁24x200ml,美极鲜味汁 24x200毫升,5,7.0,106.86
江苏省,徐州市,美极鲜味汁28x100ml,美极鲜味汁 28x100毫升,8,10.0,106.32
辽宁省,营口市,美极鲜味汁24x200ml,美极鲜味汁 24x200毫升,4,8.0,105.8501
贵州省,黔西南布依族苗族自治州,美极鲜味汁24x200ml,美极鲜味汁 24x200毫升,2,8.0,105.6502
安徽省,马鞍山市,美极鲜味汁24x200ml,美极鲜味汁 24x200毫升,7,7.0,105.06
青海省,海西蒙古族藏族自治州,美极鲜味汁12x400ml,美极鲜味汁 12x400毫升,3,6.0,104.25
江苏省,盐城市,美极鲜味汁28x100ml,美极鲜味汁 28x100毫升,8,10.0,104.23
四川省,甘孜藏族自治州,美极鲜味汁24x200ml,美极鲜味汁 24x200毫升,2,8.0,104.1402
黑龙江省,齐齐哈尔市,美极鲜味汁24x200ml,美极鲜味汁 24x200毫升,5,8.0,102.35
广东省,河源市,美极鲜味汁24x200ml,美极鲜味汁 24x200毫升,6,7.0,102.08
湖北省,荆州市,美极鲜味汁24x200ml,美极鲜味汁 24x200毫升,5,8.0,101.6
广西壮族自治区,贵港市,美极鲜味汁24x200ml,美极鲜味汁 24x200毫升,4,7.0,101.48
湖南省,衡阳市,美极鲜味汁24x200ml,美极鲜味汁 24x200毫升,5,7.0,101.13
辽宁省,葫芦岛市,美极鲜味汁28x100ml,美极鲜味汁 28x100毫升,6,12.0,101.11
陕西省,宝鸡市,美极鲜味汁24x200ml,美极鲜味汁 24x200毫升,5,7.0,101.03
云南省,昆明市,美极鲜味汁28x100ml,美极鲜味汁 28x100毫升,5,11.0,100.21
安徽省,宣城市,美极鲜味汁24x200ml,美极鲜味汁 24x200毫升,5,7.0,99.72999999999999
湖南省,益阳市,美极鲜味汁24x200ml,美极鲜味汁 24x200毫升,3,8.0,98.7801
广东省,清远市,美极鲜味汁24x200ml,美极鲜味汁 24x200毫升,5,7.0,98.22999999999999
辽宁省,本溪市,美极鲜味汁24x200ml,美极鲜味汁 24x200毫升,4,7.0,98.15
云南省,昭通市,美极鲜味汁24x200ml,美极鲜味汁 24x200毫升,5,7.0,96.98
山东省,日照市,美极鲜味汁24x200ml,美极鲜味汁 24x200毫升,4,7.0,96.93
贵州省,毕节市,美极鲜味汁24x200ml,美极鲜味汁 24x200毫升,4,7.0,96.24
广东省,云浮市,美极鲜味汁24x200ml,美极鲜味汁 24x200毫升,4,7.0,95.0001
山东省,东营市,美极鲜味汁24x200ml,美极鲜味汁 24x200毫升,6,6.0,94.12
内蒙古自治区,通辽市,美极鲜味汁24x200ml,美极鲜味汁 24x200毫升,4,7.0,93.8
吉林省,长春市,美极鲜味汁28x100ml,美极鲜味汁 28x100毫升,8,9.0,93.75
河北省,秦皇岛市,美极鲜味汁28x100ml,美极鲜味汁 28x100毫升,7,10.0,93.57
贵州省,铜仁市,美极鲜味汁24x200ml,美极鲜味汁 24x200毫升,3,7.0,93.38
江西省,鹰潭市,美极鲜味汁24x200ml,美极鲜味汁 24x200毫升,4,7.0,93.23
福建省,南平市,美极鲜味汁24x200ml,美极鲜味汁 24x200毫升,4,7.0,93.1601
河北省,承德市,美极鲜味汁24x200ml,美极鲜味汁 24x200毫升,3,7.0,92.3
福建省,莆田市,美极鲜味汁24x200ml,美极鲜味汁 24x200毫升,4,7.0,92.0901
安徽省,宿州市,美极鲜味汁24x200ml,美极鲜味汁 24x200毫升,4,7.0,91.19
湖北省,潜江,美极鲜味汁12x400ml,美极鲜味汁 12x400毫升,3,6.0,90.72
陕西省,榆林市,美极鲜味汁28x100ml,美极鲜味汁 28x100毫升,1,12.0,90.0
湖北省,荆门市,美极鲜味汁24x200ml,美极鲜味汁 24x200毫升,5,7.0,89.1
四川省,广元市,美极鲜味汁28x100ml,美极鲜味汁 28x100毫升,1,12.0,86.9304
山东省,泰安市,美极鲜味汁24x200ml,美极鲜味汁 24x200毫升,5,6.0,86.29
广东省,阳江市,美极鲜味汁24x200ml,美极鲜味汁 24x200毫升,4,6.0,86.25
宁夏回族自治区,银川市,美极鲜味汁24x200ml,美极鲜味汁 24x200毫升,3,7.0,86.15
河南省,南阳市,美极鲜味汁28x100ml,美极鲜味汁 28x100毫升,6,9.0,84.81
四川省,眉山市,美极鲜味汁28x100ml,美极鲜味汁 28x100毫升,5,10.0,84.4402
山西省,朔州市,美极鲜味汁24x200ml,美极鲜味汁 24x200毫升,3,6.0,84.3701
辽宁省,丹东市,美极鲜味汁24x200ml,美极鲜味汁 24x200毫升,5,6.0,84.32000000000001
湖南省,株洲市,美极鲜味汁24x200ml,美极鲜味汁 24x200毫升,5,6.0,84.05
贵州省,六盘水市,美极鲜味汁24x200ml,美极鲜味汁 24x200毫升,4,6.0,84.02010000000001
云南省,大理白族自治州,美极鲜味汁24x200ml,美极鲜味汁 24x200毫升,4,6.0,83.63
海南省,万宁市,美极鲜味汁12x400ml,美极鲜味汁 12x400毫升,3,4.0,83.26
河南省,许昌市,美极鲜味汁24x200ml,美极鲜味汁 24x200毫升,4,6.0,82.6
吉林省,白城市,美极鲜味汁28x100ml,美极鲜味汁 28x100毫升,3,11.0,81.96
福建省,莆田市,美极鲜味汁28x100ml,美极鲜味汁 28x100毫升,5,8.0,81.94
广东省,肇庆市,美极鲜味汁24x200ml,美极鲜味汁 24x200毫升,3,6.0,80.91
河南省,信阳市,美极鲜味汁28x100ml,美极鲜味汁 28x100毫升,4,10.0,80.7002
云南省,西双版纳傣族自治州,美极鲜味汁24x200ml,美极鲜味汁 24x200毫升,3,6.0,80.2001
云南省,德宏傣族景颇族自治州,美极鲜味汁24x200ml,美极鲜味汁 24x200毫升,2,6.0,79.2801
山东省,泰安市,美极鲜味汁28x100ml,美极鲜味汁 28x100毫升,6,7.0,78.67999999999999
云南省,楚雄彝族自治州,美极鲜味汁24x200ml,美极鲜味汁 24x200毫升,1,6.0,76.2498
辽宁省,铁岭市,美极鲜味汁28x100ml,美极鲜味汁 28x100毫升,3,7.0,75.39
山西省,阳泉市,美极鲜味汁28x100ml,美极鲜味汁 28x100毫升,3,9.0,75.32
山东省,滨州市,美极鲜味汁24x200ml,美极鲜味汁 24x200毫升,3,6.0,74.81989999999999
江苏省,连云港市,美极鲜味汁28x100ml,美极鲜味汁 28x100毫升,5,7.0,74.51
河南省,濮阳市,美极鲜味汁24x200ml,美极鲜味汁 24x200毫升,4,5.0,74.06
山东省,临沂市,美极鲜味汁28x100ml,美极鲜味汁 28x100毫升,5,8.0,73.72
湖北省,孝感市,美极鲜味汁28x100ml,美极鲜味汁 28x100毫升,7,7.0,73.42
江西省,赣州市,美极鲜味汁24x200ml,美极鲜味汁 24x200毫升,4,5.0,73.28999999999999
广西壮族自治区,梧州市,美极鲜味汁24x200ml,美极鲜味汁 24x200毫升,4,5.0,72.84
湖南省,湘西土家族苗族自治州,美极鲜味汁24x200ml,美极鲜味汁 24x200毫升,4,5.0,71.8
陕西省,延安市,美极鲜味汁24x200ml,美极鲜味汁 24x200毫升,4,5.0,71.8
贵州省,遵义市,美极鲜味汁28x100ml,美极鲜味汁 28x100毫升,3,9.0,71.59
广西壮族自治区,柳州市,美极鲜味汁28x100ml,美极鲜味汁 28x100毫升,4,8.0,71.5
山东省,威海市,美极鲜味汁24x200ml,美极鲜味汁 24x200毫升,4,5.0,71.4
山西省,临汾市,美极鲜味汁24x200ml,美极鲜味汁 24x200毫升,4,5.0,71.35
湖南省,湘潭市,美极鲜味汁24x200ml,美极鲜味汁 24x200毫升,5,5.0,70.86
海南省,白沙黎族自治县,美极鲜味汁12x400ml,美极鲜味汁 12x400毫升,2,3.0,70.25
内蒙古自治区,乌海市,美极鲜味汁12x400ml,美极鲜味汁 12x400毫升,2,4.0,69.37
湖北省,孝感市,美极鲜味汁24x200ml,美极鲜味汁 24x200毫升,4,5.0,69.14
四川省,遂宁市,美极鲜味汁24x200ml,美极鲜味汁 24x200毫升,3,5.0,68.9501
广东省,潮州市,美极鲜味汁28x100ml,美极鲜味汁 28x100毫升,6,7.0,68.71000000000001
广东省,汕尾市,美极鲜味汁24x200ml,美极鲜味汁 24x200毫升,4,7.0,68.45
云南省,玉溪市,美极鲜味汁24x200ml,美极鲜味汁 24x200毫升,3,5.0,68.25
山西省,忻州市,美极鲜味汁24x200ml,美极鲜味汁 24x200毫升,3,5.0,67.8
广东省,韶关市,美极鲜味汁24x200ml,美极鲜味汁 24x200毫升,2,5.0,66.88
吉林省,白城市,美极鲜味汁24x200ml,美极鲜味汁 24x200毫升,2,5.0,66.69
宁夏回族自治区,固原市,美极鲜味汁12x400ml,美极鲜味汁 12x400毫升,2,4.0,66.28999999999999
甘肃省,庆阳市,美极鲜味汁24x200ml,美极鲜味汁 24x200毫升,3,5.0,65.95009999999999
安徽省,宣城市,美极鲜味汁28x100ml,美极鲜味汁 28x100毫升,2,6.0,65.21
四川省,攀枝花市,美极鲜味汁28x100ml,美极鲜味汁 28x100毫升,3,8.0,64.75
内蒙古自治区,赤峰市,美极鲜味汁24x200ml,美极鲜味汁 24x200毫升,2,5.0,64.67
黑龙江省,黑河市,美极鲜味汁24x200ml,美极鲜味汁 24x200毫升,4,4.0,63.260000000000005
贵州省,黔南布依族苗族自治州,美极鲜味汁24x200ml,美极鲜味汁 24x200毫升,3,5.0,62.739999999999995
广东省,湛江市,美极鲜味汁28x100ml,美极鲜味汁 28x100毫升,4,7.0,62.54
湖南省,郴州市,美极鲜味汁24x200ml,美极鲜味汁 24x200毫升,4,4.0,62.3
山东省,聊城市,美极鲜味汁24x200ml,美极鲜味汁 24x200毫升,4,4.0,61.0
海南省,琼海市,美极鲜味汁12x400ml,美极鲜味汁 12x400毫升,2,3.0,60.769999999999996
福建省,漳州市,美极鲜味汁28x100ml,美极鲜味汁 28x100毫升,4,6.0,60.33
辽宁省,辽阳市,美极鲜味汁28x100ml,美极鲜味汁 28x100毫升,3,8.0,59.8301
湖南省,邵阳市,美极鲜味汁24x200ml,美极鲜味汁 24x200毫升,3,4.0,59.65
陕西省,榆林市,美极鲜味汁24x200ml,美极鲜味汁 24x200毫升,3,4.0,59.260000000000005
内蒙古自治区,呼和浩特市,美极鲜味汁28x100ml,美极鲜味汁 28x100毫升,5,8.0,58.629999999999995
河南省,开封市,美极鲜味汁24x200ml,美极鲜味汁 24x200毫升,3,4.0,58.5
海南省,琼中黎族苗族自治县,美极鲜味汁12x400ml,美极鲜味汁 12x400毫升,2,3.0,57.519999999999996
湖北省,襄阳市,美极鲜味汁24x200ml,美极鲜味汁 24x200毫升,3,4.0,56.650000000000006
浙江省,衢州市,美极鲜味汁24x200ml,美极鲜味汁 24x200毫升,3,4.0,56.55
广西壮族自治区,崇左市,美极鲜味汁24x200ml,美极鲜味汁 24x200毫升,3,4.0,56.55
安徽省,滁州市,美极鲜味汁28x100ml,美极鲜味汁 28x100毫升,5,5.0,55.41
安徽省,淮南市,美极鲜味汁28x100ml,美极鲜味汁 28x100毫升,4,5.0,54.78
江西省,抚州市,美极鲜味汁28x100ml,美极鲜味汁 28x100毫升,3,5.0,54.709999999999994
河南省,省直辖县级行政区划,美极鲜味汁12x400ml,美极鲜味汁 12x400毫升,2,3.0,54.68000000000001
湖北省,省直辖县级行政区划,美极鲜味汁24x200ml,美极鲜味汁 24x200毫升,2,4.0,54.489999999999995
河南省,洛阳市,美极鲜味汁28x100ml,美极鲜味汁 28x100毫升,5,5.0,54.09
浙江省,丽水市,美极鲜味汁28x100ml,美极鲜味汁 28x100毫升,5,5.0,53.89
广东省,云浮市,美极鲜味汁28x100ml,美极鲜味汁 28x100毫升,3,7.0,53.839999999999996
山东省,济宁市,美极鲜味汁28x100ml,美极鲜味汁 28x100毫升,5,5.0,53.54
辽宁省,营口市,美极鲜味汁28x100ml,美极鲜味汁 28x100毫升,3,5.0,53.120000000000005
河北省,邯郸市,美极鲜味汁28x100ml,美极鲜味汁 28x100毫升,3,5.0,52.64
四川省,广安市,美极鲜味汁24x200ml,美极鲜味汁 24x200毫升,2,4.0,52.54
广东省,河源市,美极鲜味汁28x100ml,美极鲜味汁 28x100毫升,2,7.0,52.5
辽宁省,盘锦市,美极鲜味汁24x200ml,美极鲜味汁 24x200毫升,2,3.0,52.42
陕西省,宝鸡市,美极鲜味汁28x100ml,美极鲜味汁 28x100毫升,4,5.0,52.31
海南省,省直辖县级行政区划,美极鲜味汁28x100ml,美极鲜味汁 28x100毫升,3,6.0,52.1
山东省,滨州市,美极鲜味汁28x100ml,美极鲜味汁 28x100毫升,3,5.0,52.0
湖北省,襄阳市,美极鲜味汁28x100ml,美极鲜味汁 28x100毫升,4,5.0,51.9
甘肃省,定西市,美极鲜味汁24x200ml,美极鲜味汁 24x200毫升,2,4.0,51.84
辽宁省,锦州市,美极鲜味汁28x100ml,美极鲜味汁 28x100毫升,5,5.0,51.6
河南省,漯河市,美极鲜味汁24x200ml,美极鲜味汁 24x200毫升,3,4.0,50.99
江苏省,宿迁市,美极鲜味汁28x100ml,美极鲜味汁 28x100毫升,4,5.0,50.949999999999996
云南省,保山市,美极鲜味汁24x200ml,美极鲜味汁 24x200毫升,2,4.0,50.35
四川省,遂宁市,美极鲜味汁28x100ml,美极鲜味汁 28x100毫升,3,5.0,49.87
四川省,巴中市,美极鲜味汁24x200ml,美极鲜味汁 24x200毫升,3,3.0,49.82000000000001
吉林省,辽源市,美极鲜味汁28x100ml,美极鲜味汁 28x100毫升,2,6.0,49.2
四川省,内江市,美极鲜味汁28x100ml,美极鲜味汁 28x100毫升,4,5.0,48.84
山西省,晋城市,美极鲜味汁24x200ml,美极鲜味汁 24x200毫升,3,3.0,48.4
江西省,九江市,美极鲜味汁24x200ml,美极鲜味汁 24x200毫升,3,3.0,45.3
黑龙江省,佳木斯市,美极鲜味汁24x200ml,美极鲜味汁 24x200毫升,3,3.0,45.010000000000005
贵州省,毕节市,美极鲜味汁28x100ml,美极鲜味汁 28x100毫升,1,6.0,44.55
江苏省,连云港市,美极鲜味汁24x200ml,美极鲜味汁 24x200毫升,3,3.0,44.53
甘肃省,张掖市,美极鲜味汁28x100ml,美极鲜味汁 28x100毫升,1,6.0,44.4198
河南省,安阳市,美极鲜味汁24x200ml,美极鲜味汁 24x200毫升,3,3.0,44.400000000000006
广西壮族自治区,钦州市,美极鲜味汁24x200ml,美极鲜味汁 24x200毫升,2,3.0,44.4
江西省,景德镇市,美极鲜味汁24x200ml,美极鲜味汁 24x200毫升,3,3.0,44.36
云南省,曲靖市,美极鲜味汁24x200ml,美极鲜味汁 24x200毫升,3,3.0,44.230000000000004
河南省,商丘市,美极鲜味汁28x100ml,美极鲜味汁 28x100毫升,4,4.0,44.14
广东省,揭阳市,美极鲜味汁28x100ml,美极鲜味汁 28x100毫升,4,4.0,43.95
湖北省,恩施土家族苗族自治州,美极鲜味汁28x100ml,美极鲜味汁 28x100毫升,4,4.0,43.79
安徽省,芜湖市,美极鲜味汁28x100ml,美极鲜味汁 28x100毫升,3,4.0,43.480000000000004
山东省,潍坊市,美极鲜味汁28x100ml,美极鲜味汁 28x100毫升,4,4.0,43.34
江西省,抚州市,美极鲜味汁24x200ml,美极鲜味汁 24x200毫升,1,3.0,43.0701
山东省,烟台市,美极鲜味汁28x100ml,美极鲜味汁 28x100毫升,3,6.0,43.0
河南省,平顶山市,美极鲜味汁28x100ml,美极鲜味汁 28x100毫升,4,4.0,42.64
江西省,上饶市,美极鲜味汁28x100ml,美极鲜味汁 28x100毫升,3,4.0,42.52
广东省,茂名市,美极鲜味汁28x100ml,美极鲜味汁 28x100毫升,4,4.0,42.29
辽宁省,本溪市,美极鲜味汁28x100ml,美极鲜味汁 28x100毫升,2,5.0,42.2
湖南省,株洲市,美极鲜味汁28x100ml,美极鲜味汁 28x100毫升,4,4.0,41.92
浙江省,丽水市,美极鲜味汁24x200ml,美极鲜味汁 24x200毫升,2,3.0,41.75
广西壮族自治区,玉林市,美极鲜味汁24x200ml,美极鲜味汁 24x200毫升,2,3.0,41.75
浙江省,舟山市,美极鲜味汁24x200ml,美极鲜味汁 24x200毫升,2,3.0,41.75
广东省,韶关市,美极鲜味汁28x100ml,美极鲜味汁 28x100毫升,3,4.0,41.75
内蒙古自治区,兴安盟,美极鲜味汁24x200ml,美极鲜味汁 24x200毫升,2,3.0,41.75
陕西省,安康市,美极鲜味汁24x200ml,美极鲜味汁 24x200毫升,2,3.0,41.75
福建省,龙岩市,美极鲜味汁24x200ml,美极鲜味汁 24x200毫升,2,3.0,41.75
内蒙古自治区,鄂尔多斯市,美极鲜味汁24x200ml,美极鲜味汁 24x200毫升,2,3.0,41.75
海南省,昌江黎族自治县,美极鲜味汁12x400ml,美极鲜味汁 12x400毫升,2,2.0,41.58
四川省,德阳市,美极鲜味汁28x100ml,美极鲜味汁 28x100毫升,4,4.0,41.55
甘肃省,兰州市,美极鲜味汁28x100ml,美极鲜味汁 28x100毫升,2,5.0,41.34
陕西省,渭南市,美极鲜味汁24x200ml,美极鲜味汁 24x200毫升,2,3.0,41.3
湖北省,十堰市,美极鲜味汁28x100ml,美极鲜味汁 28x100毫升,3,4.0,41.14
广东省,肇庆市,美极鲜味汁28x100ml,美极鲜味汁 28x100毫升,3,4.0,40.9
海南省,三亚市,美极鲜味汁28x100ml,美极鲜味汁 28x100毫升,4,4.0,40.31
山西省,晋中市,美极鲜味汁24x200ml,美极鲜味汁 24x200毫升,3,3.0,40.010000000000005
湖北省,咸宁市,美极鲜味汁24x200ml,美极鲜味汁 24x200毫升,2,3.0,39.75
海南省,屯昌县,美极鲜味汁12x400ml,美极鲜味汁 12x400毫升,1,2.0,39.5
山东省,威海市,美极鲜味汁28x100ml,美极鲜味汁 28x100毫升,3,4.0,39.47
山西省,长治市,美极鲜味汁28x100ml,美极鲜味汁 28x100毫升,2,4.0,38.9
辽宁省,盘锦市,美极鲜味汁28x100ml,美极鲜味汁 28x100毫升,3,4.0,38.87
海南省,保亭黎族苗族自治县,美极鲜味汁12x400ml,美极鲜味汁 12x400毫升,1,2.0,38.61
湖北省,鄂州市,美极鲜味汁28x100ml,美极鲜味汁 28x100毫升,1,5.0,37.9
福建省,龙岩市,美极鲜味汁28x100ml,美极鲜味汁 28x100毫升,4,4.0,37.68
湖北省,天门,美极鲜味汁12x400ml,美极鲜味汁 12x400毫升,1,2.0,34.89
河南省,三门峡市,美极鲜味汁24x200ml,美极鲜味汁 24x200毫升,2,3.0,34.3
山东省,聊城市,美极鲜味汁28x100ml,美极鲜味汁 28x100毫升,3,3.0,33.84
湖南省,益阳市,美极鲜味汁28x100ml,美极鲜味汁 28x100毫升,2,3.0,33.08
河北省,邢台市,美极鲜味汁28x100ml,美极鲜味汁 28x100毫升,3,3.0,32.370000000000005
四川省,南充市,美极鲜味汁28x100ml,美极鲜味汁 28x100毫升,3,3.0,32.34
辽宁省,丹东市,美极鲜味汁28x100ml,美极鲜味汁 28x100毫升,2,5.0,32.29
广西壮族自治区,梧州市,美极鲜味汁28x100ml,美极鲜味汁 28x100毫升,3,3.0,32.25
安徽省,宿州市,美极鲜味汁28x100ml,美极鲜味汁 28x100毫升,3,3.0,32.24
山东省,德州市,美极鲜味汁28x100ml,美极鲜味汁 28x100毫升,3,3.0,32.2
广西壮族自治区,北海市,美极鲜味汁28x100ml,美极鲜味汁 28x100毫升,3,3.0,31.700000000000003
河南省,漯河市,美极鲜味汁28x100ml,美极鲜味汁 28x100毫升,3,3.0,31.47
广东省,梅州市,美极鲜味汁28x100ml,美极鲜味汁 28x100毫升,2,3.0,31.369999999999997
安徽省,淮北市,美极鲜味汁28x100ml,美极鲜味汁 28x100毫升,2,3.0,31.369999999999997
山东省,淄博市,美极鲜味汁24x200ml,美极鲜味汁 24x200毫升,2,2.0,31.23
甘肃省,甘南藏族自治州,美极鲜味汁28x100ml,美极鲜味汁 28x100毫升,2,3.0,31.229999999999997
宁夏回族自治区,银川市,美极鲜味汁28x100ml,美极鲜味汁 28x100毫升,2,3.0,30.97
吉林省,松原市,美极鲜味汁28x100ml,美极鲜味汁 28x100毫升,3,3.0,30.740000000000002
山东省,淄博市,美极鲜味汁28x100ml,美极鲜味汁 28x100毫升,3,3.0,30.740000000000002
山西省,晋中市,美极鲜味汁28x100ml,美极鲜味汁 28x100毫升,3,3.0,30.740000000000002
湖南省,岳阳市,美极鲜味汁28x100ml,美极鲜味汁 28x100毫升,2,3.0,30.700000000000003
湖南省,怀化市,美极鲜味汁28x100ml,美极鲜味汁 28x100毫升,2,3.0,30.6
黑龙江省,大兴安岭地区,美极鲜味汁24x200ml,美极鲜味汁 24x200毫升,2,2.0,30.5
广东省,江门市,美极鲜味汁28x100ml,美极鲜味汁 28x100毫升,3,3.0,30.39
四川省,雅安市,美极鲜味汁28x100ml,美极鲜味汁 28x100毫升,1,4.0,30.3
江西省,宜春市,美极鲜味汁28x100ml,美极鲜味汁 28x100毫升,1,4.0,30.3
浙江省,舟山市,美极鲜味汁28x100ml,美极鲜味汁 28x100毫升,2,5.0,30.1
河南省,省直辖县级行政区划,美极鲜味汁24x200ml,美极鲜味汁 24x200毫升,2,2.0,30.05
陕西省,汉中市,美极鲜味汁24x200ml,美极鲜味汁 24x200毫升,2,2.0,30.05
河南省,平顶山市,美极鲜味汁24x200ml,美极鲜味汁 24x200毫升,2,2.0,30.05
广西壮族自治区,河池市,美极鲜味汁24x200ml,美极鲜味汁 24x200毫升,2,2.0,29.6
吉林省,延边朝鲜族自治州,美极鲜味汁28x100ml,美极鲜味汁 28x100毫升,2,3.0,29.299999999999997
青海省,西宁市,美极鲜味汁24x200ml,美极鲜味汁 24x200毫升,2,2.0,28.53
内蒙古自治区,锡林郭勒盟,美极鲜味汁24x200ml,美极鲜味汁 24x200毫升,1,2.0,27.99
四川省,凉山彝族自治州,美极鲜味汁24x200ml,美极鲜味汁 24x200毫升,1,2.0,27.99
甘肃省,酒泉市,美极鲜味汁24x200ml,美极鲜味汁 24x200毫升,1,2.0,27.99
山西省,运城市,美极鲜味汁24x200ml,美极鲜味汁 24x200毫升,2,2.0,27.380000000000003
吉林省,通化市,美极鲜味汁28x100ml,美极鲜味汁 28x100毫升,1,4.0,27.27
福建省,宁德市,美极鲜味汁28x100ml,美极鲜味汁 28x100毫升,2,3.0,27.2
湖北省,鄂州市,美极鲜味汁24x200ml,美极鲜味汁 24x200毫升,1,2.0,27.0
海南省,儋州市,美极鲜味汁24x200ml,美极鲜味汁 24x200毫升,1,2.0,26.5
四川省,雅安市,美极鲜味汁24x200ml,美极鲜味汁 24x200毫升,1,2.0,26.5
陕西省,商洛市,美极鲜味汁24x200ml,美极鲜味汁 24x200毫升,1,2.0,26.5
甘肃省,武威市,美极鲜味汁24x200ml,美极鲜味汁 24x200毫升,1,2.0,26.5
安徽省,蚌埠市,美极鲜味汁28x100ml,美极鲜味汁 28x100毫升,3,3.0,25.37
安徽省,黄山市,美极鲜味汁24x200ml,美极鲜味汁 24x200毫升,1,2.0,25.18
海南省,东方市,美极鲜味汁24x200ml,美极鲜味汁 24x200毫升,1,2.0,23.5
四川省,广安市,美极鲜味汁28x100ml,美极鲜味汁 28x100毫升,1,2.0,23.33
广西壮族自治区,桂林市,美极鲜味汁28x100ml,美极鲜味汁 28x100毫升,2,2.0,23.07
甘肃省,临夏回族自治州,美极鲜味汁28x100ml,美极鲜味汁 28x100毫升,2,2.0,22.8
河南省,周口市,美极鲜味汁28x100ml,美极鲜味汁 28x100毫升,2,2.0,22.78
广东省,阳江市,美极鲜味汁28x100ml,美极鲜味汁 28x100毫升,2,2.0,22.3
广西壮族自治区,贵港市,美极鲜味汁28x100ml,美极鲜味汁 28x100毫升,2,2.0,22.07
黑龙江省,牡丹江市,美极鲜味汁28x100ml,美极鲜味汁 28x100毫升,2,2.0,22.07
安徽省,六安市,美极鲜味汁28x100ml,美极鲜味汁 28x100毫升,2,2.0,21.950000000000003
湖南省,湘潭市,美极鲜味汁28x100ml,美极鲜味汁 28x100毫升,2,2.0,21.939999999999998
河北省,雄安新区,美极鲜味汁12x400ml,美极鲜味汁 12x400毫升,1,1.0,21.91
海南省,万宁市,美极鲜味汁28x100ml,美极鲜味汁 28x100毫升,1,2.0,21.9
广西壮族自治区,防城港市,美极鲜味汁28x100ml,美极鲜味汁 28x100毫升,2,2.0,21.84
黑龙江省,鹤岗市,美极鲜味汁28x100ml,美极鲜味汁 28x100毫升,2,2.0,21.700000000000003
湖南省,邵阳市,美极鲜味汁28x100ml,美极鲜味汁 28x100毫升,2,2.0,21.700000000000003
河南省,濮阳市,美极鲜味汁28x100ml,美极鲜味汁 28x100毫升,2,2.0,21.47
吉林省,白山市,美极鲜味汁28x100ml,美极鲜味汁 28x100毫升,2,2.0,21.47
山西省,晋城市,美极鲜味汁28x100ml,美极鲜味汁 28x100毫升,1,2.0,21.41
安徽省,池州市,美极鲜味汁28x100ml,美极鲜味汁 28x100毫升,2,2.0,21.21
贵州省,黔南布依族苗族自治州,美极鲜味汁28x100ml,美极鲜味汁 28x100毫升,2,2.0,21.07
广西壮族自治区,玉林市,美极鲜味汁28x100ml,美极鲜味汁 28x100毫升,2,2.0,20.8
安徽省,阜阳市,美极鲜味汁28x100ml,美极鲜味汁 28x100毫升,2,2.0,20.8
四川省,泸州市,美极鲜味汁28x100ml,美极鲜味汁 28x100毫升,2,2.0,20.57
河南省,开封市,美极鲜味汁28x100ml,美极鲜味汁 28x100毫升,2,2.0,20.57
四川省,达州市,美极鲜味汁28x100ml,美极鲜味汁 28x100毫升,2,2.0,20.57
吉林省,吉林市,美极鲜味汁28x100ml,美极鲜味汁 28x100毫升,2,2.0,20.57
安徽省,安庆市,美极鲜味汁28x100ml,美极鲜味汁 28x100毫升,2,2.0,20.34
海南省,陵水黎族自治县,美极鲜味汁28x100ml,美极鲜味汁 28x100毫升,1,2.0,20.33
山东省,东营市,美极鲜味汁28x100ml,美极鲜味汁 28x100毫升,1,2.0,20.33
黑龙江省,大庆市,美极鲜味汁28x100ml,美极鲜味汁 28x100毫升,2,2.0,19.97
江西省,赣州市,美极鲜味汁28x100ml,美极鲜味汁 28x100毫升,2,2.0,19.869999999999997
甘肃省,嘉峪关市,美极鲜味汁12x400ml,美极鲜味汁 12x400毫升,1,1.0,19.8
湖南省,湘西土家族苗族自治州,美极鲜味汁28x100ml,美极鲜味汁 28x100毫升,2,2.0,19.71
河南省,安阳市,美极鲜味汁28x100ml,美极鲜味汁 28x100毫升,2,2.0,19.6
黑龙江省,伊春市,美极鲜味汁28x100ml,美极鲜味汁 28x100毫升,1,2.0,18.9
内蒙古自治区,包头市,美极鲜味汁28x100ml,美极鲜味汁 28x100毫升,1,2.0,18.9
云南省,普洱市,美极鲜味汁24x200ml,美极鲜味汁 24x200毫升,1,1.0,17.9
安徽省,铜陵市,美极鲜味汁24x200ml,美极鲜味汁 24x200毫升,1,1.0,17.9
黑龙江省,双鸭山市,美极鲜味汁24x200ml,美极鲜味汁 24x200毫升,1,1.0,17.9
甘肃省,平凉市,美极鲜味汁24x200ml,美极鲜味汁 24x200毫升,1,1.0,17.51
湖北省,恩施土家族苗族自治州,美极鲜味汁24x200ml,美极鲜味汁 24x200毫升,1,1.0,17.51
内蒙古自治区,巴彦淖尔市,美极鲜味汁24x200ml,美极鲜味汁 24x200毫升,1,1.0,15.25
宁夏回族自治区,石嘴山市,美极鲜味汁24x200ml,美极鲜味汁 24x200毫升,1,1.0,15.25
安徽省,安庆市,美极鲜味汁24x200ml,美极鲜味汁 24x200毫升,1,1.0,15.25
黑龙江省,伊春市,美极鲜味汁24x200ml,美极鲜味汁 24x200毫升,1,1.0,15.25
江西省,新余市,美极鲜味汁24x200ml,美极鲜味汁 24x200毫升,1,1.0,15.25
青海省,海西蒙古族藏族自治州,美极鲜味汁24x200ml,美极鲜味汁 24x200毫升,1,1.0,15.25
甘肃省,天水市,美极鲜味汁24x200ml,美极鲜味汁 24x200毫升,1,1.0,15.25
黑龙江省,七台河市,美极鲜味汁24x200ml,美极鲜味汁 24x200毫升,1,1.0,15.25
云南省,红河哈尼族彝族自治州,美极鲜味汁24x200ml,美极鲜味汁 24x200毫升,1,1.0,15.25
内蒙古自治区,乌海市,美极鲜味汁24x200ml,美极鲜味汁 24x200毫升,1,1.0,15.25
广西壮族自治区,贺州市,美极鲜味汁24x200ml,美极鲜味汁 24x200毫升,1,1.0,15.25
江西省,萍乡市,美极鲜味汁24x200ml,美极鲜味汁 24x200毫升,1,1.0,14.8
黑龙江省,鹤岗市,美极鲜味汁24x200ml,美极鲜味汁 24x200毫升,1,1.0,14.8
贵州省,六盘水市,美极鲜味汁28x100ml,美极鲜味汁 28x100毫升,2,2.0,13.8
湖南省,娄底市,美极鲜味汁28x100ml,美极鲜味汁 28x100毫升,1,1.0,11.9
陕西省,铜川市,美极鲜味汁28x100ml,美极鲜味汁 28x100毫升,1,1.0,11.9
广西壮族自治区,钦州市,美极鲜味汁28x100ml,美极鲜味汁 28x100毫升,1,1.0,11.67
河南省,新乡市,美极鲜味汁28x100ml,美极鲜味汁 28x100毫升,1,1.0,11.55
吉林省,四平市,美极鲜味汁28x100ml,美极鲜味汁 28x100毫升,1,1.0,11.55
黑龙江省,黑河市,美极鲜味汁28x100ml,美极鲜味汁 28x100毫升,1,1.0,11.3
广西壮族自治区,百色市,美极鲜味汁28x100ml,美极鲜味汁 28x100毫升,1,1.0,11.04
四川省,阿坝藏族羌族自治州,美极鲜味汁28x100ml,美极鲜味汁 28x100毫升,1,1.0,10.9
湖北省,黄冈市,美极鲜味汁28x100ml,美极鲜味汁 28x100毫升,1,1.0,10.9
黑龙江省,齐齐哈尔市,美极鲜味汁28x100ml,美极鲜味汁 28x100毫升,1,1.0,10.9
贵州省,黔西南布依族苗族自治州,美极鲜味汁28x100ml,美极鲜味汁 28x100毫升,1,1.0,10.9
云南省,红河哈尼族彝族自治州,美极鲜味汁28x100ml,美极鲜味汁 28x100毫升,1,1.0,10.9
湖南省,永州市,美极鲜味汁28x100ml,美极鲜味汁 28x100毫升,1,1.0,10.4
湖北省,宜昌市,美极鲜味汁28x100ml,美极鲜味汁 28x100毫升,1,1.0,10.4
海南省,定安县,美极鲜味汁28x100ml,美极鲜味汁 28x100毫升,1,1.0,10.4
安徽省,黄山市,美极鲜味汁28x100ml,美极鲜味汁 28x100毫升,1,1.0,10.4
四川省,自贡市,美极鲜味汁28x100ml,美极鲜味汁 28x100毫升,1,1.0,10.4
甘肃省,白银市,美极鲜味汁28x100ml,美极鲜味汁 28x100毫升,1,1.0,10.4
陕西省,延安市,美极鲜味汁28x100ml,美极鲜味汁 28x100毫升,1,1.0,10.4
湖南省,衡阳市,美极鲜味汁28x100ml,美极鲜味汁 28x100毫升,1,1.0,10.4
宁夏回族自治区,石嘴山市,美极鲜味汁28x100ml,美极鲜味汁 28x100毫升,1,1.0,10.4
甘肃省,天水市,美极鲜味汁28x100ml,美极鲜味汁 28x100毫升,1,1.0,10.4
云南省,文山壮族苗族自治州,美极鲜味汁28x100ml,美极鲜味汁 28x100毫升,1,1.0,10.4
甘肃省,武威市,美极鲜味汁28x100ml,美极鲜味汁 28x100毫升,1,1.0,10.4
甘肃省,甘南藏族自治州,美极鲜味汁24x200ml,美极鲜味汁 24x200毫升,1,1.0,10.25
黑龙江省,鸡西市,美极鲜味汁28x100ml,美极鲜味汁 28x100毫升,1,1.0,10.17
陕西省,渭南市,美极鲜味汁28x100ml,美极鲜味汁 28x100毫升,1,1.0,10.17
黑龙江省,双鸭山市,美极鲜味汁28x100ml,美极鲜味汁 28x100毫升,1,1.0,10.17
湖北省,咸宁市,美极鲜味汁28x100ml,美极鲜味汁 28x100毫升,1,1.0,10.17
福建省,南平市,美极鲜味汁28x100ml,美极鲜味汁 28x100毫升,1,1.0,10.17
湖北省,潜江市,美极鲜味汁28x100ml,美极鲜味汁 28x100毫升,1,1.0,10.17
海南省,琼中黎族苗族自治县,美极鲜味汁28x100ml,美极鲜味汁 28x100毫升,1,1.0,10.17
黑龙江省,绥化市,美极鲜味汁28x100ml,美极鲜味汁 28x100毫升,1,1.0,10.17
海南省,临高县,美极鲜味汁28x100ml,美极鲜味汁 28x100毫升,1,1.0,10.17
安徽省,马鞍山市,美极鲜味汁28x100ml,美极鲜味汁 28x100毫升,1,1.0,10.17
湖南省,常德市,美极鲜味汁28x100ml,美极鲜味汁 28x100毫升,1,1.0,10.17
陕西省,汉中市,美极鲜味汁28x100ml,美极鲜味汁 28x100毫升,1,1.0,10.17
安徽省,铜陵市,美极鲜味汁28x100ml,美极鲜味汁 28x100毫升,1,1.0,10.05
河南省,许昌市,美极鲜味汁28x100ml,美极鲜味汁 28x100毫升,1,1.0,10.05
山东省,日照市,美极鲜味汁28x100ml,美极鲜味汁 28x100毫升,1,1.0,9.8
云南省,曲靖市,美极鲜味汁28x100ml,美极鲜味汁 28x100毫升,1,1.0,9.8
江西省,鹰潭市,美极鲜味汁28x100ml,美极鲜味汁 28x100毫升,1,1.0,9.17
内蒙古自治区,呼伦贝尔市,美极鲜味汁28x100ml,美极鲜味汁 28x100毫升,1,1.0,6.8
江西省,萍乡市,美极鲜味汁28x100ml,美极鲜味汁 28x100毫升,1,1.0,4.8
